config_id,window_months,min_solves,min_opportunities,ranking,origin_count,future_quality,future_quality_macro_origin,list_fill,meets_95pct_fill,average_post_debut_exposure,expected_unique_reach,annualized_unique_reach,annualization_calendar_months,expected_display_slots,mean_eligible_count,minimum_eligible_count,behavior_hash,pareto,equivalent_config_ids,equivalence_representative
W6-S2-E1-raw,6,2,1,raw,52,0.23862134679539934,0.23902101232038261,0.9855769230769231,True,2.653658536585366,436.5596170430855,97.01324823179678,54,1025.0,52.28846153846154,13,cad4c2a53c4943f15e02771cc594520d1153b240be9b523e8f930d9e0b944102,True,W6-S2-E1-raw,W6-S2-E1-raw
W6-S2-E1-count,6,2,1,count,52,0.2168129164292347,0.21752712662296064,0.9855769230769231,True,3.491583920255456,436.8844315831479,97.08542924069953,54,1025.0,52.28846153846154,13,923801ae874f2c43b035088d83ba4b6d50e71cd33e7bb18c0cc422e96360cabc,False,W6-S2-E1-count,W6-S2-E1-count
W6-S2-E1-wilson,6,2,1,wilson,52,0.24578842686029714,0.2460847210381905,0.9855769230769231,True,2.9014634146341463,423.2064659474683,94.04588132165962,54,1025.0,52.28846153846154,13,0943b2c79cff9a863311fabd08fd8a3ef3050927cc52f0c652d948e5f957be9f,True,W6-S2-E1-wilson,W6-S2-E1-wilson
W6-S2-E1-beta,6,2,1,beta,52,0.2433506164219174,0.24368207132728736,0.9855769230769231,True,3.046829268292683,400.4648013049026,88.99217806775613,54,1025.0,52.28846153846154,13,6aeb1eb1ec1dc011b24a1f7aadb7d5dfafe9848c49047df8ed96c5e85ea124f1,False,W6-S2-E1-beta,W6-S2-E1-beta
W6-S2-E3-raw,6,2,3,raw,52,0.2255496207987419,0.22619831307714586,0.9644230769230769,True,3.218344965104686,446.6790751207856,99.26201669350792,54,1003.0,44.61538461538461,12,7a834e632eb46c955f0c9b8ff99c7d930070e17973e9d673bfb0ee9b322133be,True,W6-S2-E3-raw,W6-S2-E3-raw
W6-S2-E3-count,6,2,3,count,52,0.21036840114186262,0.2115571945042132,0.9644230769230769,True,3.670516688559559,445.9563614311895,99.10141365137544,54,1003.0,44.61538461538461,12,7f4cf345a444a937831d41018d705b07ac8becc5ef5cc3036598e70c01d43b1b,False,W6-S2-E3-count,W6-S2-E3-count
W6-S2-E3-wilson,6,2,3,wilson,52,0.22972544163510739,0.230225571056833,0.9644230769230769,True,3.385842472582253,426.072458564827,94.68276856996155,54,1003.0,44.61538461538461,12,aeb6a0b3517bb59635b0cb28f674198315d6dd787d2a113ff301fb23d9942b8c,False,W6-S2-E3-wilson,W6-S2-E3-wilson
W6-S2-E3-beta,6,2,3,beta,52,0.22752863467364703,0.22810691972765532,0.9644230769230769,True,3.4097706879361915,424.33925681044104,94.29761262454247,54,1003.0,44.61538461538461,12,6f0e9445271d2f6868d8743b36d6be43681d6f592e7293c89a13d6855f2c928d,False,W6-S2-E3-beta,W6-S2-E3-beta
W6-S2-E6-raw,6,2,6,raw,52,0.13694543515427662,0.11517393033239443,0.47307692307692306,False,5.0,492.00000000000006,109.33333333333336,54,492.0,10.807692307692308,0,c6936f36a1d77dc670ac0f5a0d78dad55520d4ee0a1ab6977465691dda454f2e,False,W6-S2-E6-raw|W6-S2-E6-count|W6-S2-E6-wilson|W6-S2-E6-beta,W6-S2-E6-raw
W6-S2-E6-count,6,2,6,count,52,0.13694543515427662,0.11517393033239443,0.47307692307692306,False,5.0,492.00000000000006,109.33333333333336,54,492.0,10.807692307692308,0,c6936f36a1d77dc670ac0f5a0d78dad55520d4ee0a1ab6977465691dda454f2e,False,W6-S2-E6-raw|W6-S2-E6-count|W6-S2-E6-wilson|W6-S2-E6-beta,W6-S2-E6-raw
W6-S2-E6-wilson,6,2,6,wilson,52,0.13694543515427662,0.11517393033239443,0.47307692307692306,False,5.0,492.00000000000006,109.33333333333336,54,492.0,10.807692307692308,0,c6936f36a1d77dc670ac0f5a0d78dad55520d4ee0a1ab6977465691dda454f2e,False,W6-S2-E6-raw|W6-S2-E6-count|W6-S2-E6-wilson|W6-S2-E6-beta,W6-S2-E6-raw
W6-S2-E6-beta,6,2,6,beta,52,0.13694543515427662,0.11517393033239443,0.47307692307692306,False,5.0,492.00000000000006,109.33333333333336,54,492.0,10.807692307692308,0,c6936f36a1d77dc670ac0f5a0d78dad55520d4ee0a1ab6977465691dda454f2e,False,W6-S2-E6-raw|W6-S2-E6-count|W6-S2-E6-wilson|W6-S2-E6-beta,W6-S2-E6-raw
W6-S3-E1-raw,6,3,1,raw,52,0.2653985860455004,0.26577984136033667,0.6798076923076923,False,3.5756718528995757,267.06842105263155,59.3485380116959,54,707.0,17.423076923076923,2,7525ce93c9e6c02cbb5d3c6c83485592ebc8bf78a913d565179a1f3536eff717,False,W6-S3-E1-raw|W6-S3-E3-raw,W6-S3-E1-raw
W6-S3-E1-count,6,3,1,count,52,0.2534637165618375,0.25766642527865435,0.6798076923076923,False,3.745933688743867,272.78262936753646,60.618362081674775,54,707.0,17.423076923076923,2,b592819132ac44ff2131a5b352c47fc1c0bdde9b0232c7189191fd65b45989e6,False,W6-S3-E1-count|W6-S3-E3-count,W6-S3-E1-count
W6-S3-E1-wilson,6,3,1,wilson,52,0.2660334239653826,0.2662114090616412,0.6798076923076923,False,3.6166902404526167,268.1502923976608,59.588953866146845,54,707.0,17.423076923076923,2,694ef14003293def1314e2e6acf49bcfaa6593f88552c66ecf4ff798e94b9d90,False,W6-S3-E1-wilson|W6-S3-E3-wilson,W6-S3-E1-wilson
W6-S3-E1-beta,6,3,1,beta,52,0.2629168788701283,0.2640927577324636,0.6798076923076923,False,3.6506364922206505,267.3695906432748,59.4154645873944,54,707.0,17.423076923076923,2,abc3255afae06641b57db0ac68960bc8bc7245cf9d3d9d5aeafc04a6a847a341,False,W6-S3-E1-beta|W6-S3-E3-beta,W6-S3-E1-beta
W6-S3-E3-raw,6,3,3,raw,52,0.2653985860455004,0.26577984136033667,0.6798076923076923,False,3.5756718528995757,267.06842105263155,59.3485380116959,54,707.0,17.423076923076923,2,7525ce93c9e6c02cbb5d3c6c83485592ebc8bf78a913d565179a1f3536eff717,False,W6-S3-E1-raw|W6-S3-E3-raw,W6-S3-E1-raw
W6-S3-E3-count,6,3,3,count,52,0.2534637165618375,0.25766642527865435,0.6798076923076923,False,3.745933688743867,272.78262936753646,60.618362081674775,54,707.0,17.423076923076923,2,b592819132ac44ff2131a5b352c47fc1c0bdde9b0232c7189191fd65b45989e6,False,W6-S3-E1-count|W6-S3-E3-count,W6-S3-E1-count
W6-S3-E3-wilson,6,3,3,wilson,52,0.2660334239653826,0.2662114090616412,0.6798076923076923,False,3.6166902404526167,268.1502923976608,59.588953866146845,54,707.0,17.423076923076923,2,694ef14003293def1314e2e6acf49bcfaa6593f88552c66ecf4ff798e94b9d90,False,W6-S3-E1-wilson|W6-S3-E3-wilson,W6-S3-E1-wilson
W6-S3-E3-beta,6,3,3,beta,52,0.2629168788701283,0.2640927577324636,0.6798076923076923,False,3.6506364922206505,267.3695906432748,59.4154645873944,54,707.0,17.423076923076923,2,abc3255afae06641b57db0ac68960bc8bc7245cf9d3d9d5aeafc04a6a847a341,False,W6-S3-E1-beta|W6-S3-E3-beta,W6-S3-E1-beta
W6-S3-E6-raw,6,3,6,raw,52,0.2286945419725502,0.20066308100103347,0.23173076923076924,False,5.0,241.0,53.55555555555556,54,241.0,4.75,0,13cdeb59619d59b2d8f57761293ac63d337893e9c9f3e017f483cd4613c8dec9,False,W6-S3-E6-raw|W6-S3-E6-count|W6-S3-E6-wilson|W6-S3-E6-beta,W6-S3-E6-raw
W6-S3-E6-count,6,3,6,count,52,0.2286945419725502,0.20066308100103347,0.23173076923076924,False,5.0,241.0,53.55555555555556,54,241.0,4.75,0,13cdeb59619d59b2d8f57761293ac63d337893e9c9f3e017f483cd4613c8dec9,False,W6-S3-E6-raw|W6-S3-E6-count|W6-S3-E6-wilson|W6-S3-E6-beta,W6-S3-E6-raw
W6-S3-E6-wilson,6,3,6,wilson,52,0.2286945419725502,0.20066308100103347,0.23173076923076924,False,5.0,241.0,53.55555555555556,54,241.0,4.75,0,13cdeb59619d59b2d8f57761293ac63d337893e9c9f3e017f483cd4613c8dec9,False,W6-S3-E6-raw|W6-S3-E6-count|W6-S3-E6-wilson|W6-S3-E6-beta,W6-S3-E6-raw
W6-S3-E6-beta,6,3,6,beta,52,0.2286945419725502,0.20066308100103347,0.23173076923076924,False,5.0,241.0,53.55555555555556,54,241.0,4.75,0,13cdeb59619d59b2d8f57761293ac63d337893e9c9f3e017f483cd4613c8dec9,False,W6-S3-E6-raw|W6-S3-E6-count|W6-S3-E6-wilson|W6-S3-E6-beta,W6-S3-E6-raw
W6-S4-E1-raw,6,4,1,raw,52,0.30381371470480384,0.3093456232626273,0.29134615384615387,False,4.112211221122112,138.33333333333331,30.740740740740737,54,303.0,6.019230769230769,0,f696f2a815e50d5fd5fe2be35ba7bbd120ef564af8f1056bb55a8ff000f3c341,False,W6-S4-E1-raw|W6-S4-E1-wilson|W6-S4-E1-beta|W6-S4-E3-raw|W6-S4-E3-wilson|W6-S4-E3-beta,W6-S4-E1-raw
W6-S4-E1-count,6,4,1,count,52,0.3019899048728402,0.308814263282738,0.29134615384615387,False,4.14358377014172,139.83529411764704,31.074509803921565,54,303.0,6.019230769230769,0,0028ca003c605d38b6d43a48c03f8d0b80d646ec59e6f75d0a80305dd04e7b2c,False,W6-S4-E1-count|W6-S4-E3-count,W6-S4-E1-count
W6-S4-E1-wilson,6,4,1,wilson,52,0.30381371470480384,0.3093456232626273,0.29134615384615387,False,4.112211221122112,138.33333333333331,30.740740740740737,54,303.0,6.019230769230769,0,f696f2a815e50d5fd5fe2be35ba7bbd120ef564af8f1056bb55a8ff000f3c341,False,W6-S4-E1-raw|W6-S4-E1-wilson|W6-S4-E1-beta|W6-S4-E3-raw|W6-S4-E3-wilson|W6-S4-E3-beta,W6-S4-E1-raw
W6-S4-E1-beta,6,4,1,beta,52,0.30381371470480384,0.3093456232626273,0.29134615384615387,False,4.112211221122112,138.33333333333331,30.740740740740737,54,303.0,6.019230769230769,0,f696f2a815e50d5fd5fe2be35ba7bbd120ef564af8f1056bb55a8ff000f3c341,False,W6-S4-E1-raw|W6-S4-E1-wilson|W6-S4-E1-beta|W6-S4-E3-raw|W6-S4-E3-wilson|W6-S4-E3-beta,W6-S4-E1-raw
W6-S4-E3-raw,6,4,3,raw,52,0.30381371470480384,0.3093456232626273,0.29134615384615387,False,4.112211221122112,138.33333333333331,30.740740740740737,54,303.0,6.019230769230769,0,f696f2a815e50d5fd5fe2be35ba7bbd120ef564af8f1056bb55a8ff000f3c341,False,W6-S4-E1-raw|W6-S4-E1-wilson|W6-S4-E1-beta|W6-S4-E3-raw|W6-S4-E3-wilson|W6-S4-E3-beta,W6-S4-E1-raw
W6-S4-E3-count,6,4,3,count,52,0.3019899048728402,0.308814263282738,0.29134615384615387,False,4.14358377014172,139.83529411764704,31.074509803921565,54,303.0,6.019230769230769,0,0028ca003c605d38b6d43a48c03f8d0b80d646ec59e6f75d0a80305dd04e7b2c,False,W6-S4-E1-count|W6-S4-E3-count,W6-S4-E1-count
W6-S4-E3-wilson,6,4,3,wilson,52,0.30381371470480384,0.3093456232626273,0.29134615384615387,False,4.112211221122112,138.33333333333331,30.740740740740737,54,303.0,6.019230769230769,0,f696f2a815e50d5fd5fe2be35ba7bbd120ef564af8f1056bb55a8ff000f3c341,False,W6-S4-E1-raw|W6-S4-E1-wilson|W6-S4-E1-beta|W6-S4-E3-raw|W6-S4-E3-wilson|W6-S4-E3-beta,W6-S4-E1-raw
W6-S4-E3-beta,6,4,3,beta,52,0.30381371470480384,0.3093456232626273,0.29134615384615387,False,4.112211221122112,138.33333333333331,30.740740740740737,54,303.0,6.019230769230769,0,f696f2a815e50d5fd5fe2be35ba7bbd120ef564af8f1056bb55a8ff000f3c341,False,W6-S4-E1-raw|W6-S4-E1-wilson|W6-S4-E1-beta|W6-S4-E3-raw|W6-S4-E3-wilson|W6-S4-E3-beta,W6-S4-E1-raw
W6-S4-E6-raw,6,4,6,raw,52,0.29831932773109243,0.20192329927906852,0.11442307692307692,False,5.0,119.0,26.444444444444443,54,119.0,2.2884615384615383,0,f58b8694b8adbef8b6fbefce871c4d21025fb6b61fe4274779a6afa6acdaf480,False,W6-S4-E6-raw|W6-S4-E6-count|W6-S4-E6-wilson|W6-S4-E6-beta,W6-S4-E6-raw
W6-S4-E6-count,6,4,6,count,52,0.29831932773109243,0.20192329927906852,0.11442307692307692,False,5.0,119.0,26.444444444444443,54,119.0,2.2884615384615383,0,f58b8694b8adbef8b6fbefce871c4d21025fb6b61fe4274779a6afa6acdaf480,False,W6-S4-E6-raw|W6-S4-E6-count|W6-S4-E6-wilson|W6-S4-E6-beta,W6-S4-E6-raw
W6-S4-E6-wilson,6,4,6,wilson,52,0.29831932773109243,0.20192329927906852,0.11442307692307692,False,5.0,119.0,26.444444444444443,54,119.0,2.2884615384615383,0,f58b8694b8adbef8b6fbefce871c4d21025fb6b61fe4274779a6afa6acdaf480,False,W6-S4-E6-raw|W6-S4-E6-count|W6-S4-E6-wilson|W6-S4-E6-beta,W6-S4-E6-raw
W6-S4-E6-beta,6,4,6,beta,52,0.29831932773109243,0.20192329927906852,0.11442307692307692,False,5.0,119.0,26.444444444444443,54,119.0,2.2884615384615383,0,f58b8694b8adbef8b6fbefce871c4d21025fb6b61fe4274779a6afa6acdaf480,False,W6-S4-E6-raw|W6-S4-E6-count|W6-S4-E6-wilson|W6-S4-E6-beta,W6-S4-E6-raw
W6-S5-E1-raw,6,5,1,raw,52,0.36731391585760514,0.25292034354534354,0.09903846153846153,False,4.553398058252427,64.0,14.222222222222221,54,103.0,1.9807692307692308,0,1c154ae32c7fcda0fc8ea76807a3c0ea807d2ee054b18370502ce5e6273d10cb,False,W6-S5-E1-raw|W6-S5-E1-count|W6-S5-E1-wilson|W6-S5-E1-beta|W6-S5-E3-raw|W6-S5-E3-count|W6-S5-E3-wilson|W6-S5-E3-beta,W6-S5-E1-raw
W6-S5-E1-count,6,5,1,count,52,0.36731391585760514,0.25292034354534354,0.09903846153846153,False,4.553398058252427,64.0,14.222222222222221,54,103.0,1.9807692307692308,0,1c154ae32c7fcda0fc8ea76807a3c0ea807d2ee054b18370502ce5e6273d10cb,False,W6-S5-E1-raw|W6-S5-E1-count|W6-S5-E1-wilson|W6-S5-E1-beta|W6-S5-E3-raw|W6-S5-E3-count|W6-S5-E3-wilson|W6-S5-E3-beta,W6-S5-E1-raw
W6-S5-E1-wilson,6,5,1,wilson,52,0.36731391585760514,0.25292034354534354,0.09903846153846153,False,4.553398058252427,64.0,14.222222222222221,54,103.0,1.9807692307692308,0,1c154ae32c7fcda0fc8ea76807a3c0ea807d2ee054b18370502ce5e6273d10cb,False,W6-S5-E1-raw|W6-S5-E1-count|W6-S5-E1-wilson|W6-S5-E1-beta|W6-S5-E3-raw|W6-S5-E3-count|W6-S5-E3-wilson|W6-S5-E3-beta,W6-S5-E1-raw
W6-S5-E1-beta,6,5,1,beta,52,0.36731391585760514,0.25292034354534354,0.09903846153846153,False,4.553398058252427,64.0,14.222222222222221,54,103.0,1.9807692307692308,0,1c154ae32c7fcda0fc8ea76807a3c0ea807d2ee054b18370502ce5e6273d10cb,False,W6-S5-E1-raw|W6-S5-E1-count|W6-S5-E1-wilson|W6-S5-E1-beta|W6-S5-E3-raw|W6-S5-E3-count|W6-S5-E3-wilson|W6-S5-E3-beta,W6-S5-E1-raw
W6-S5-E3-raw,6,5,3,raw,52,0.36731391585760514,0.25292034354534354,0.09903846153846153,False,4.553398058252427,64.0,14.222222222222221,54,103.0,1.9807692307692308,0,1c154ae32c7fcda0fc8ea76807a3c0ea807d2ee054b18370502ce5e6273d10cb,False,W6-S5-E1-raw|W6-S5-E1-count|W6-S5-E1-wilson|W6-S5-E1-beta|W6-S5-E3-raw|W6-S5-E3-count|W6-S5-E3-wilson|W6-S5-E3-beta,W6-S5-E1-raw
W6-S5-E3-count,6,5,3,count,52,0.36731391585760514,0.25292034354534354,0.09903846153846153,False,4.553398058252427,64.0,14.222222222222221,54,103.0,1.9807692307692308,0,1c154ae32c7fcda0fc8ea76807a3c0ea807d2ee054b18370502ce5e6273d10cb,False,W6-S5-E1-raw|W6-S5-E1-count|W6-S5-E1-wilson|W6-S5-E1-beta|W6-S5-E3-raw|W6-S5-E3-count|W6-S5-E3-wilson|W6-S5-E3-beta,W6-S5-E1-raw
W6-S5-E3-wilson,6,5,3,wilson,52,0.36731391585760514,0.25292034354534354,0.09903846153846153,False,4.553398058252427,64.0,14.222222222222221,54,103.0,1.9807692307692308,0,1c154ae32c7fcda0fc8ea76807a3c0ea807d2ee054b18370502ce5e6273d10cb,False,W6-S5-E1-raw|W6-S5-E1-count|W6-S5-E1-wilson|W6-S5-E1-beta|W6-S5-E3-raw|W6-S5-E3-count|W6-S5-E3-wilson|W6-S5-E3-beta,W6-S5-E1-raw
W6-S5-E3-beta,6,5,3,beta,52,0.36731391585760514,0.25292034354534354,0.09903846153846153,False,4.553398058252427,64.0,14.222222222222221,54,103.0,1.9807692307692308,0,1c154ae32c7fcda0fc8ea76807a3c0ea807d2ee054b18370502ce5e6273d10cb,False,W6-S5-E1-raw|W6-S5-E1-count|W6-S5-E1-wilson|W6-S5-E1-beta|W6-S5-E3-raw|W6-S5-E3-count|W6-S5-E3-wilson|W6-S5-E3-beta,W6-S5-E1-raw
W6-S5-E6-raw,6,5,6,raw,52,0.35964912280701755,0.16226343101343102,0.05480769230769231,False,5.0,57.0,12.666666666666666,54,57.0,1.0961538461538463,0,2b0d3a1e095acf71c6449d84def9a0676057cf51e7b7efbf2530ed9895bdc0dc,False,W6-S5-E6-raw|W6-S5-E6-count|W6-S5-E6-wilson|W6-S5-E6-beta,W6-S5-E6-raw
W6-S5-E6-count,6,5,6,count,52,0.35964912280701755,0.16226343101343102,0.05480769230769231,False,5.0,57.0,12.666666666666666,54,57.0,1.0961538461538463,0,2b0d3a1e095acf71c6449d84def9a0676057cf51e7b7efbf2530ed9895bdc0dc,False,W6-S5-E6-raw|W6-S5-E6-count|W6-S5-E6-wilson|W6-S5-E6-beta,W6-S5-E6-raw
W6-S5-E6-wilson,6,5,6,wilson,52,0.35964912280701755,0.16226343101343102,0.05480769230769231,False,5.0,57.0,12.666666666666666,54,57.0,1.0961538461538463,0,2b0d3a1e095acf71c6449d84def9a0676057cf51e7b7efbf2530ed9895bdc0dc,False,W6-S5-E6-raw|W6-S5-E6-count|W6-S5-E6-wilson|W6-S5-E6-beta,W6-S5-E6-raw
W6-S5-E6-beta,6,5,6,beta,52,0.35964912280701755,0.16226343101343102,0.05480769230769231,False,5.0,57.0,12.666666666666666,54,57.0,1.0961538461538463,0,2b0d3a1e095acf71c6449d84def9a0676057cf51e7b7efbf2530ed9895bdc0dc,False,W6-S5-E6-raw|W6-S5-E6-count|W6-S5-E6-wilson|W6-S5-E6-beta,W6-S5-E6-raw
W6-S6-E1-raw,6,6,1,raw,52,0.3999999999999999,0.10357905982905982,0.02403846153846154,False,5.0,25.0,5.555555555555555,54,25.0,0.4807692307692308,0,9ba2d894c58081cd79c10b8f62e0184a991b8e97a5355b5db6ce00c978b2d914,False,W6-S6-E1-raw|W6-S6-E1-count|W6-S6-E1-wilson|W6-S6-E1-beta|W6-S6-E3-raw|W6-S6-E3-count|W6-S6-E3-wilson|W6-S6-E3-beta|W6-S6-E6-raw|W6-S6-E6-count|W6-S6-E6-wilson|W6-S6-E6-beta,W6-S6-E1-raw
W6-S6-E1-count,6,6,1,count,52,0.3999999999999999,0.10357905982905982,0.02403846153846154,False,5.0,25.0,5.555555555555555,54,25.0,0.4807692307692308,0,9ba2d894c58081cd79c10b8f62e0184a991b8e97a5355b5db6ce00c978b2d914,False,W6-S6-E1-raw|W6-S6-E1-count|W6-S6-E1-wilson|W6-S6-E1-beta|W6-S6-E3-raw|W6-S6-E3-count|W6-S6-E3-wilson|W6-S6-E3-beta|W6-S6-E6-raw|W6-S6-E6-count|W6-S6-E6-wilson|W6-S6-E6-beta,W6-S6-E1-raw
W6-S6-E1-wilson,6,6,1,wilson,52,0.3999999999999999,0.10357905982905982,0.02403846153846154,False,5.0,25.0,5.555555555555555,54,25.0,0.4807692307692308,0,9ba2d894c58081cd79c10b8f62e0184a991b8e97a5355b5db6ce00c978b2d914,False,W6-S6-E1-raw|W6-S6-E1-count|W6-S6-E1-wilson|W6-S6-E1-beta|W6-S6-E3-raw|W6-S6-E3-count|W6-S6-E3-wilson|W6-S6-E3-beta|W6-S6-E6-raw|W6-S6-E6-count|W6-S6-E6-wilson|W6-S6-E6-beta,W6-S6-E1-raw
W6-S6-E1-beta,6,6,1,beta,52,0.3999999999999999,0.10357905982905982,0.02403846153846154,False,5.0,25.0,5.555555555555555,54,25.0,0.4807692307692308,0,9ba2d894c58081cd79c10b8f62e0184a991b8e97a5355b5db6ce00c978b2d914,False,W6-S6-E1-raw|W6-S6-E1-count|W6-S6-E1-wilson|W6-S6-E1-beta|W6-S6-E3-raw|W6-S6-E3-count|W6-S6-E3-wilson|W6-S6-E3-beta|W6-S6-E6-raw|W6-S6-E6-count|W6-S6-E6-wilson|W6-S6-E6-beta,W6-S6-E1-raw
W6-S6-E3-raw,6,6,3,raw,52,0.3999999999999999,0.10357905982905982,0.02403846153846154,False,5.0,25.0,5.555555555555555,54,25.0,0.4807692307692308,0,9ba2d894c58081cd79c10b8f62e0184a991b8e97a5355b5db6ce00c978b2d914,False,W6-S6-E1-raw|W6-S6-E1-count|W6-S6-E1-wilson|W6-S6-E1-beta|W6-S6-E3-raw|W6-S6-E3-count|W6-S6-E3-wilson|W6-S6-E3-beta|W6-S6-E6-raw|W6-S6-E6-count|W6-S6-E6-wilson|W6-S6-E6-beta,W6-S6-E1-raw
W6-S6-E3-count,6,6,3,count,52,0.3999999999999999,0.10357905982905982,0.02403846153846154,False,5.0,25.0,5.555555555555555,54,25.0,0.4807692307692308,0,9ba2d894c58081cd79c10b8f62e0184a991b8e97a5355b5db6ce00c978b2d914,False,W6-S6-E1-raw|W6-S6-E1-count|W6-S6-E1-wilson|W6-S6-E1-beta|W6-S6-E3-raw|W6-S6-E3-count|W6-S6-E3-wilson|W6-S6-E3-beta|W6-S6-E6-raw|W6-S6-E6-count|W6-S6-E6-wilson|W6-S6-E6-beta,W6-S6-E1-raw
W6-S6-E3-wilson,6,6,3,wilson,52,0.3999999999999999,0.10357905982905982,0.02403846153846154,False,5.0,25.0,5.555555555555555,54,25.0,0.4807692307692308,0,9ba2d894c58081cd79c10b8f62e0184a991b8e97a5355b5db6ce00c978b2d914,False,W6-S6-E1-raw|W6-S6-E1-count|W6-S6-E1-wilson|W6-S6-E1-beta|W6-S6-E3-raw|W6-S6-E3-count|W6-S6-E3-wilson|W6-S6-E3-beta|W6-S6-E6-raw|W6-S6-E6-count|W6-S6-E6-wilson|W6-S6-E6-beta,W6-S6-E1-raw
W6-S6-E3-beta,6,6,3,beta,52,0.3999999999999999,0.10357905982905982,0.02403846153846154,False,5.0,25.0,5.555555555555555,54,25.0,0.4807692307692308,0,9ba2d894c58081cd79c10b8f62e0184a991b8e97a5355b5db6ce00c978b2d914,False,W6-S6-E1-raw|W6-S6-E1-count|W6-S6-E1-wilson|W6-S6-E1-beta|W6-S6-E3-raw|W6-S6-E3-count|W6-S6-E3-wilson|W6-S6-E3-beta|W6-S6-E6-raw|W6-S6-E6-count|W6-S6-E6-wilson|W6-S6-E6-beta,W6-S6-E1-raw
W6-S6-E6-raw,6,6,6,raw,52,0.3999999999999999,0.10357905982905982,0.02403846153846154,False,5.0,25.0,5.555555555555555,54,25.0,0.4807692307692308,0,9ba2d894c58081cd79c10b8f62e0184a991b8e97a5355b5db6ce00c978b2d914,False,W6-S6-E1-raw|W6-S6-E1-count|W6-S6-E1-wilson|W6-S6-E1-beta|W6-S6-E3-raw|W6-S6-E3-count|W6-S6-E3-wilson|W6-S6-E3-beta|W6-S6-E6-raw|W6-S6-E6-count|W6-S6-E6-wilson|W6-S6-E6-beta,W6-S6-E1-raw
W6-S6-E6-count,6,6,6,count,52,0.3999999999999999,0.10357905982905982,0.02403846153846154,False,5.0,25.0,5.555555555555555,54,25.0,0.4807692307692308,0,9ba2d894c58081cd79c10b8f62e0184a991b8e97a5355b5db6ce00c978b2d914,False,W6-S6-E1-raw|W6-S6-E1-count|W6-S6-E1-wilson|W6-S6-E1-beta|W6-S6-E3-raw|W6-S6-E3-count|W6-S6-E3-wilson|W6-S6-E3-beta|W6-S6-E6-raw|W6-S6-E6-count|W6-S6-E6-wilson|W6-S6-E6-beta,W6-S6-E1-raw
W6-S6-E6-wilson,6,6,6,wilson,52,0.3999999999999999,0.10357905982905982,0.02403846153846154,False,5.0,25.0,5.555555555555555,54,25.0,0.4807692307692308,0,9ba2d894c58081cd79c10b8f62e0184a991b8e97a5355b5db6ce00c978b2d914,False,W6-S6-E1-raw|W6-S6-E1-count|W6-S6-E1-wilson|W6-S6-E1-beta|W6-S6-E3-raw|W6-S6-E3-count|W6-S6-E3-wilson|W6-S6-E3-beta|W6-S6-E6-raw|W6-S6-E6-count|W6-S6-E6-wilson|W6-S6-E6-beta,W6-S6-E1-raw
W6-S6-E6-beta,6,6,6,beta,52,0.3999999999999999,0.10357905982905982,0.02403846153846154,False,5.0,25.0,5.555555555555555,54,25.0,0.4807692307692308,0,9ba2d894c58081cd79c10b8f62e0184a991b8e97a5355b5db6ce00c978b2d914,False,W6-S6-E1-raw|W6-S6-E1-count|W6-S6-E1-wilson|W6-S6-E1-beta|W6-S6-E3-raw|W6-S6-E3-count|W6-S6-E3-wilson|W6-S6-E3-beta|W6-S6-E6-raw|W6-S6-E6-count|W6-S6-E6-wilson|W6-S6-E6-beta,W6-S6-E1-raw
W9-S2-E1-raw,9,2,1,raw,52,0.27501104225145984,0.27501104225145984,1.0,True,3.2759615384615386,398.2014619883041,88.4892137751787,54,1040.0,88.03846153846153,26,c2a6b9aa515d23c2e9e4fb34eaf4a71ff922e89e4b57282e4128117a8b84d3d7,True,W9-S2-E1-raw,W9-S2-E1-raw
W9-S2-E1-count,9,2,1,count,52,0.25433158358691216,0.2543315835869122,1.0,True,5.514023645268958,282.1150474162834,62.69223275917408,54,1040.0,88.03846153846153,26,6bd4ab28ecc83d56b22e42ffd10f1e5a590c8523bed8a85da9fbe1b955db15b0,False,W9-S2-E1-count,W9-S2-E1-count
W9-S2-E1-wilson,9,2,1,wilson,52,0.2796697612396763,0.2796697612396763,1.0,True,4.0875,333.37486587528923,74.08330352784205,54,1040.0,88.03846153846153,26,cf5ca77622c0418da8ea545d84b9c25e73022453c39b85f96a0048df3cd2373c,False,W9-S2-E1-wilson,W9-S2-E1-wilson
W9-S2-E1-beta,9,2,1,beta,52,0.28039318515305367,0.28039318515305356,1.0,True,4.469230769230769,296.6985855104934,65.93301900233187,54,1040.0,88.03846153846153,26,a365aa8be2f9f6e45aefd9f86c06b11addae0a82802fba880ab54a2a2be40dba,False,W9-S2-E1-beta,W9-S2-E1-beta
W9-S2-E3-raw,9,2,3,raw,52,0.2741183479138945,0.27411834791389444,1.0,True,4.128846153846154,368.20086916007966,81.82241536890659,54,1040.0,80.36538461538461,22,a61ce7cfe38633e49522c247280189eea7e09c9715c6b2f126b5bcc6e049c71f,False,W9-S2-E3-raw,W9-S2-E3-raw
W9-S2-E3-count,9,2,3,count,52,0.2539084433883418,0.2539084433883419,1.0,True,5.5324974187402,282.96859114354385,62.88190914300975,54,1040.0,80.36538461538461,22,9e2e9fc024684e54a9f502a81046018b5ab2fd4ff44953aa2aee0b08adb2014c,False,W9-S2-E3-count,W9-S2-E3-count
W9-S2-E3-wilson,9,2,3,wilson,52,0.28117426311505256,0.28117426311505256,1.0,True,4.7375,289.3677318295739,64.30394040657198,54,1040.0,80.36538461538461,22,f2812a4b2b5eb42ed3550a9cba049766d308ee6d84df48019fd98a3aed68df9b,False,W9-S2-E3-wilson,W9-S2-E3-wilson
W9-S2-E3-beta,9,2,3,beta,52,0.2806681166056166,0.2806681166056166,1.0,True,4.823076923076923,280.20674603174604,62.268165784832455,54,1040.0,80.36538461538461,22,a1887c5100359e72daa1c4fe248977eb5a9ba890c913c0f39927f3f89d9120c8,False,W9-S2-E3-beta,W9-S2-E3-beta
W9-S2-E6-raw,9,2,6,raw,52,0.2103943625006815,0.20971419712325284,0.9586538461538462,True,6.289869608826479,378.33361537452447,84.07413674989432,54,997.0,46.55769230769231,9,f8f78b7014a081cb033ebf2d40f03a69dd4426a82cf501f95dcfaaa20435be56,False,W9-S2-E6-raw,W9-S2-E6-raw
W9-S2-E6-count,9,2,6,count,52,0.2051122498795562,0.20465047954319332,0.9586538461538462,True,6.422622384592754,384.10450782960845,85.35655729546855,54,997.0,46.55769230769231,9,e2066db67f15d938497bb1f488f566e92e238539e2dd53218ca9b65010eaa73f,False,W9-S2-E6-count,W9-S2-E6-count
W9-S2-E6-wilson,9,2,6,wilson,52,0.2092142348160402,0.2085828631794189,0.9586538461538462,True,6.309929789368105,378.0479010888102,84.01064468640226,54,997.0,46.55769230769231,9,bee368d3016a3f009053e0d1d02a5a1766fb275c8ffe76b50889354deda673c4,False,W9-S2-E6-wilson,W9-S2-E6-wilson
W9-S2-E6-beta,9,2,6,beta,52,0.20938140298722044,0.2087431195896753,0.9586538461538462,True,6.307923771313942,378.0479010888102,84.01064468640226,54,997.0,46.55769230769231,9,76431c8b2be22d80f2626ee89436da757ec569208c6c04a627cd63aa66ffbff8,False,W9-S2-E6-beta,W9-S2-E6-beta
W9-S3-E1-raw,9,3,1,raw,52,0.2809236302137456,0.28086956517788264,0.9855769230769231,True,4.726829268292683,274.3765664160401,60.97257031467557,54,1025.0,34.98076923076923,13,98dab4787db8c0c88dc025e6f571fb5e1c5b6dffcd0602daeaefc6c0b3544f5a,False,W9-S3-E1-raw|W9-S3-E3-raw,W9-S3-E1-raw
W9-S3-E1-count,9,3,1,count,52,0.25632383914144075,0.25662457878450523,0.9855769230769231,True,5.552174602474723,273.08369795169733,60.6852662114883,54,1025.0,34.98076923076923,13,5c2d4725058d936cc6a34b9f177091935729de57eff492ade12a451edc79faec,False,W9-S3-E1-count|W9-S3-E3-count,W9-S3-E1-count
W9-S3-E1-wilson,9,3,1,wilson,52,0.2825236193464691,0.28244647754426866,0.9855769230769231,True,4.882926829268293,267.67606516290726,59.48357003620162,54,1025.0,34.98076923076923,13,dcef2356d62de9f629f1b2471c8a6163845380b485c2b83e2ae4bdecaa8d3d4c,False,W9-S3-E1-wilson|W9-S3-E3-wilson,W9-S3-E1-wilson
W9-S3-E1-beta,9,3,1,beta,52,0.28181223383662407,0.2817453524023541,0.9855769230769231,True,4.9453658536585365,262.52619047619044,58.33915343915343,54,1025.0,34.98076923076923,13,19f88087c39ab4a4a44872c848b1042c1b71ea109b1d60226f230b80344ec7b1,False,W9-S3-E1-beta|W9-S3-E3-beta,W9-S3-E1-beta
W9-S3-E3-raw,9,3,3,raw,52,0.2809236302137456,0.28086956517788264,0.9855769230769231,True,4.726829268292683,274.3765664160401,60.97257031467557,54,1025.0,34.98076923076923,13,98dab4787db8c0c88dc025e6f571fb5e1c5b6dffcd0602daeaefc6c0b3544f5a,False,W9-S3-E1-raw|W9-S3-E3-raw,W9-S3-E1-raw
W9-S3-E3-count,9,3,3,count,52,0.25632383914144075,0.25662457878450523,0.9855769230769231,True,5.552174602474723,273.08369795169733,60.6852662114883,54,1025.0,34.98076923076923,13,5c2d4725058d936cc6a34b9f177091935729de57eff492ade12a451edc79faec,False,W9-S3-E1-count|W9-S3-E3-count,W9-S3-E1-count
W9-S3-E3-wilson,9,3,3,wilson,52,0.2825236193464691,0.28244647754426866,0.9855769230769231,True,4.882926829268293,267.67606516290726,59.48357003620162,54,1025.0,34.98076923076923,13,dcef2356d62de9f629f1b2471c8a6163845380b485c2b83e2ae4bdecaa8d3d4c,False,W9-S3-E1-wilson|W9-S3-E3-wilson,W9-S3-E1-wilson
W9-S3-E3-beta,9,3,3,beta,52,0.28181223383662407,0.2817453524023541,0.9855769230769231,True,4.9453658536585365,262.52619047619044,58.33915343915343,54,1025.0,34.98076923076923,13,19f88087c39ab4a4a44872c848b1042c1b71ea109b1d60226f230b80344ec7b1,False,W9-S3-E1-beta|W9-S3-E3-beta,W9-S3-E1-beta
W9-S3-E6-raw,9,3,6,raw,52,0.2365661437256315,0.23822399364195032,0.8259615384615384,False,6.330616996507567,296.3007936507936,65.84462081128747,54,859.0,22.307692307692307,5,86249e8817028c3f7e25cbde4ff431cc0ec4c1ab6ba05f9ef4ffb3e8a3550e6e,False,W9-S3-E6-raw,W9-S3-E6-raw
W9-S3-E6-count,9,3,6,count,52,0.23097832674375168,0.2336086717309553,0.8259615384615384,False,6.422337073093768,295.8526462014786,65.74503248921746,54,859.0,22.307692307692307,5,2decb751cfed5194539004cfaa6813babd3d7888a1fc9aaea469db62753c50b2,False,W9-S3-E6-count,W9-S3-E6-count
W9-S3-E6-wilson,9,3,6,wilson,52,0.2351964262616183,0.23709265969811635,0.8259615384615384,False,6.353899883585565,296.0150793650793,65.78112874779539,54,859.0,22.307692307692307,5,baaa053ea25b4c85632f7c3d15b4d491dfcbb7a7ca050a805391ea5f0c05c89e,False,W9-S3-E6-wilson,W9-S3-E6-wilson
W9-S3-E6-beta,9,3,6,beta,52,0.23539045032060163,0.23725291610837276,0.8259615384615384,False,6.351571594877765,296.0150793650793,65.78112874779539,54,859.0,22.307692307692307,5,896ef30044d6f9e3a3b3858238ad370dcf9eb5ed0a56cd1c8f569d8205e913ec,False,W9-S3-E6-beta,W9-S3-E6-beta
W9-S4-E1-raw,9,4,1,raw,52,0.3017390620081838,0.3085998092696116,0.6788461538461539,False,5.696883852691218,193.34013605442175,42.96447467876039,54,706.0,16.153846153846153,5,9edb4aea391513535c66ab33a2bc56b169e5c333b648a663e666a531b04556cb,False,W9-S4-E1-raw|W9-S4-E3-raw,W9-S4-E1-raw
W9-S4-E1-count,9,4,1,count,52,0.2900490771949695,0.3006641080406411,0.6788461538461539,False,5.934848123233393,195.31426362099438,43.40316969355431,54,706.0,16.153846153846153,5,3c23fe79ba67756cb916d74ffc06d7849de958127745e1f454e344caff776e6c,False,W9-S4-E1-count|W9-S4-E3-count,W9-S4-E1-count
W9-S4-E1-wilson,9,4,1,wilson,52,0.3001652502360717,0.30753143320123555,0.6788461538461539,False,5.732294617563739,192.1326530612245,42.69614512471656,54,706.0,16.153846153846153,5,d641e5cf17b8a100a221cfebd2e00777e45b40e826b9c96d8432a6e3ce47085e,False,W9-S4-E1-wilson|W9-S4-E3-wilson,W9-S4-E1-wilson
W9-S4-E1-beta,9,4,1,beta,52,0.3006373937677053,0.30785194602174837,0.6788461538461539,False,5.737960339943343,191.6326530612245,42.585034013605444,54,706.0,16.153846153846153,5,1d73859aeffdd578b7ab095cd3e3686958a2007a773457d90078a00fa5692805,False,W9-S4-E1-beta|W9-S4-E3-beta,W9-S4-E1-beta
W9-S4-E3-raw,9,4,3,raw,52,0.3017390620081838,0.3085998092696116,0.6788461538461539,False,5.696883852691218,193.34013605442175,42.96447467876039,54,706.0,16.153846153846153,5,9edb4aea391513535c66ab33a2bc56b169e5c333b648a663e666a531b04556cb,False,W9-S4-E1-raw|W9-S4-E3-raw,W9-S4-E1-raw
W9-S4-E3-count,9,4,3,count,52,0.2900490771949695,0.3006641080406411,0.6788461538461539,False,5.934848123233393,195.31426362099438,43.40316969355431,54,706.0,16.153846153846153,5,3c23fe79ba67756cb916d74ffc06d7849de958127745e1f454e344caff776e6c,False,W9-S4-E1-count|W9-S4-E3-count,W9-S4-E1-count
W9-S4-E3-wilson,9,4,3,wilson,52,0.3001652502360717,0.30753143320123555,0.6788461538461539,False,5.732294617563739,192.1326530612245,42.69614512471656,54,706.0,16.153846153846153,5,d641e5cf17b8a100a221cfebd2e00777e45b40e826b9c96d8432a6e3ce47085e,False,W9-S4-E1-wilson|W9-S4-E3-wilson,W9-S4-E1-wilson
W9-S4-E3-beta,9,4,3,beta,52,0.3006373937677053,0.30785194602174837,0.6788461538461539,False,5.737960339943343,191.6326530612245,42.585034013605444,54,706.0,16.153846153846153,5,1d73859aeffdd578b7ab095cd3e3686958a2007a773457d90078a00fa5692805,False,W9-S4-E1-beta|W9-S4-E3-beta,W9-S4-E1-beta
W9-S4-E6-raw,9,4,6,raw,52,0.2824232081911263,0.3024862292277153,0.5634615384615385,False,6.448805460750854,199.14285714285714,44.25396825396825,54,586.0,12.423076923076923,3,337bb46d397882a1bcfd887e424af13941f296487460d7593626486d4d2d080c,False,W9-S4-E6-raw,W9-S4-E6-raw
W9-S4-E6-count,9,4,6,count,52,0.279112518596307,0.3006207829752498,0.5634615384615385,False,6.499496336996337,197.8984301412873,43.977428920286066,54,586.0,12.423076923076923,3,83d8627a74621dd74e5764ebadc85c94cfbf0e4cd976773ae10c990c87e18a4b,False,W9-S4-E6-count,W9-S4-E6-count
W9-S4-E6-wilson,9,4,6,wilson,52,0.281475161167994,0.3019520411935272,0.5634615384615385,False,6.462457337883959,197.14285714285714,43.80952380952381,54,586.0,12.423076923076923,3,2fea18016873600f6a99b69a3bd64f9f8bf56256bf167ce5f8cf24217dbc3171,False,W9-S4-E6-wilson,W9-S4-E6-wilson
W9-S4-E6-beta,9,4,6,beta,52,0.28175957527493367,0.30211229760378366,0.5634615384615385,False,6.459044368600683,197.14285714285714,43.80952380952381,54,586.0,12.423076923076923,3,0461a38300e4508b49a865cc7484b9f6d9fccaf3fbcdecb90744ca7d12df7f17,False,W9-S4-E6-beta,W9-S4-E6-beta
W9-S5-E1-raw,9,5,1,raw,52,0.35591659298555844,0.41710147491397487,0.3625,False,6.246684350132626,119.25,26.5,54,377.0,7.576923076923077,1,d0d5b55aa71c9cf62ff1ec6c6c4711c76ca85ff8d8e12dc0e781e9e483249cf3,False,W9-S5-E1-raw|W9-S5-E3-raw,W9-S5-E1-raw
W9-S5-E1-count,9,5,1,count,52,0.3497336954233506,0.4148601745476745,0.3625,False,6.3063534166982445,119.83630952380952,26.630291005291003,54,377.0,7.576923076923077,1,d79b91b53c68b77248e7f46118e2032e557adafcf870f3732e1c7c72c32f18e5,False,W9-S5-E1-count|W9-S5-E3-count,W9-S5-E1-count
W9-S5-E1-wilson,9,5,1,wilson,52,0.35554818744473915,0.4169679279054278,0.3625,False,6.262599469496021,118.75,26.38888888888889,54,377.0,7.576923076923077,1,d976c565c56b2e950a719ac06961bce73a2524df6f689918a41b38ac2f11070d,False,W9-S5-E1-wilson|W9-S5-E3-wilson,W9-S5-E1-wilson
W9-S5-E1-beta,9,5,1,beta,52,0.35643236074270557,0.4172884407259407,0.3625,False,6.251989389920424,118.75,26.38888888888889,54,377.0,7.576923076923077,1,5a52d70093f47cb0a95eb7b51ad8bc0220855a6a99d9c1c988eb5808142d229d,False,W9-S5-E1-beta|W9-S5-E3-beta,W9-S5-E1-beta
W9-S5-E3-raw,9,5,3,raw,52,0.35591659298555844,0.41710147491397487,0.3625,False,6.246684350132626,119.25,26.5,54,377.0,7.576923076923077,1,d0d5b55aa71c9cf62ff1ec6c6c4711c76ca85ff8d8e12dc0e781e9e483249cf3,False,W9-S5-E1-raw|W9-S5-E3-raw,W9-S5-E1-raw
W9-S5-E3-count,9,5,3,count,52,0.3497336954233506,0.4148601745476745,0.3625,False,6.3063534166982445,119.83630952380952,26.630291005291003,54,377.0,7.576923076923077,1,d79b91b53c68b77248e7f46118e2032e557adafcf870f3732e1c7c72c32f18e5,False,W9-S5-E1-count|W9-S5-E3-count,W9-S5-E1-count
W9-S5-E3-wilson,9,5,3,wilson,52,0.35554818744473915,0.4169679279054278,0.3625,False,6.262599469496021,118.75,26.38888888888889,54,377.0,7.576923076923077,1,d976c565c56b2e950a719ac06961bce73a2524df6f689918a41b38ac2f11070d,False,W9-S5-E1-wilson|W9-S5-E3-wilson,W9-S5-E1-wilson
W9-S5-E3-beta,9,5,3,beta,52,0.35643236074270557,0.4172884407259407,0.3625,False,6.251989389920424,118.75,26.38888888888889,54,377.0,7.576923076923077,1,5a52d70093f47cb0a95eb7b51ad8bc0220855a6a99d9c1c988eb5808142d229d,False,W9-S5-E1-beta|W9-S5-E3-beta,W9-S5-E1-beta
W9-S5-E6-raw,9,5,6,raw,52,0.347590953785644,0.4074295604112971,0.32596153846153847,False,6.566371681415929,120.0,26.666666666666668,54,339.0,6.6923076923076925,1,cbc1fc1d1c1cc3c31c54b26cf763bf86708b775b41529515f59cc3996e8f3209,False,W9-S5-E6-raw|W9-S5-E6-beta,W9-S5-E6-raw
W9-S5-E6-count,9,5,6,count,52,0.34611602753195675,0.40694879118052785,0.32596153846153847,False,6.590462143559489,120.0,26.666666666666668,54,339.0,6.6923076923076925,1,b2b322f83c09d846a8543b4531766b684aab5d8e16eca7ecda3940030e9ee251,False,W9-S5-E6-count,W9-S5-E6-count
W9-S5-E6-wilson,9,5,6,wilson,52,0.3470993117010816,0.40726930400104067,0.32596153846153847,False,6.572271386430678,120.0,26.666666666666668,54,339.0,6.6923076923076925,1,b72bb64e1dfb2c2270449f80b6be72664c6daa462671b9287d64e10d3d1f5486,False,W9-S5-E6-wilson,W9-S5-E6-wilson
W9-S5-E6-beta,9,5,6,beta,52,0.347590953785644,0.4074295604112971,0.32596153846153847,False,6.566371681415929,120.0,26.666666666666668,54,339.0,6.6923076923076925,1,cbc1fc1d1c1cc3c31c54b26cf763bf86708b775b41529515f59cc3996e8f3209,False,W9-S5-E6-raw|W9-S5-E6-beta,W9-S5-E6-raw
W9-S6-E1-raw,9,6,1,raw,52,0.39528795811518325,0.44236724604371663,0.18365384615384617,False,6.7643979057591626,78.0,17.333333333333332,54,191.0,3.673076923076923,0,7a6b4c077fbc64fa4972779c420cb13a13bb3fd292bfb0b74cd2040885558bb8,False,W9-S6-E1-raw|W9-S6-E1-count|W9-S6-E1-wilson|W9-S6-E1-beta|W9-S6-E3-raw|W9-S6-E3-count|W9-S6-E3-wilson|W9-S6-E3-beta|W9-S6-E6-raw|W9-S6-E6-count|W9-S6-E6-wilson|W9-S6-E6-beta,W9-S6-E1-raw
W9-S6-E1-count,9,6,1,count,52,0.39528795811518325,0.44236724604371663,0.18365384615384617,False,6.7643979057591626,78.0,17.333333333333332,54,191.0,3.673076923076923,0,7a6b4c077fbc64fa4972779c420cb13a13bb3fd292bfb0b74cd2040885558bb8,False,W9-S6-E1-raw|W9-S6-E1-count|W9-S6-E1-wilson|W9-S6-E1-beta|W9-S6-E3-raw|W9-S6-E3-count|W9-S6-E3-wilson|W9-S6-E3-beta|W9-S6-E6-raw|W9-S6-E6-count|W9-S6-E6-wilson|W9-S6-E6-beta,W9-S6-E1-raw
W9-S6-E1-wilson,9,6,1,wilson,52,0.39528795811518325,0.44236724604371663,0.18365384615384617,False,6.7643979057591626,78.0,17.333333333333332,54,191.0,3.673076923076923,0,7a6b4c077fbc64fa4972779c420cb13a13bb3fd292bfb0b74cd2040885558bb8,False,W9-S6-E1-raw|W9-S6-E1-count|W9-S6-E1-wilson|W9-S6-E1-beta|W9-S6-E3-raw|W9-S6-E3-count|W9-S6-E3-wilson|W9-S6-E3-beta|W9-S6-E6-raw|W9-S6-E6-count|W9-S6-E6-wilson|W9-S6-E6-beta,W9-S6-E1-raw
W9-S6-E1-beta,9,6,1,beta,52,0.39528795811518325,0.44236724604371663,0.18365384615384617,False,6.7643979057591626,78.0,17.333333333333332,54,191.0,3.673076923076923,0,7a6b4c077fbc64fa4972779c420cb13a13bb3fd292bfb0b74cd2040885558bb8,False,W9-S6-E1-raw|W9-S6-E1-count|W9-S6-E1-wilson|W9-S6-E1-beta|W9-S6-E3-raw|W9-S6-E3-count|W9-S6-E3-wilson|W9-S6-E3-beta|W9-S6-E6-raw|W9-S6-E6-count|W9-S6-E6-wilson|W9-S6-E6-beta,W9-S6-E1-raw
W9-S6-E3-raw,9,6,3,raw,52,0.39528795811518325,0.44236724604371663,0.18365384615384617,False,6.7643979057591626,78.0,17.333333333333332,54,191.0,3.673076923076923,0,7a6b4c077fbc64fa4972779c420cb13a13bb3fd292bfb0b74cd2040885558bb8,False,W9-S6-E1-raw|W9-S6-E1-count|W9-S6-E1-wilson|W9-S6-E1-beta|W9-S6-E3-raw|W9-S6-E3-count|W9-S6-E3-wilson|W9-S6-E3-beta|W9-S6-E6-raw|W9-S6-E6-count|W9-S6-E6-wilson|W9-S6-E6-beta,W9-S6-E1-raw
W9-S6-E3-count,9,6,3,count,52,0.39528795811518325,0.44236724604371663,0.18365384615384617,False,6.7643979057591626,78.0,17.333333333333332,54,191.0,3.673076923076923,0,7a6b4c077fbc64fa4972779c420cb13a13bb3fd292bfb0b74cd2040885558bb8,False,W9-S6-E1-raw|W9-S6-E1-count|W9-S6-E1-wilson|W9-S6-E1-beta|W9-S6-E3-raw|W9-S6-E3-count|W9-S6-E3-wilson|W9-S6-E3-beta|W9-S6-E6-raw|W9-S6-E6-count|W9-S6-E6-wilson|W9-S6-E6-beta,W9-S6-E1-raw
W9-S6-E3-wilson,9,6,3,wilson,52,0.39528795811518325,0.44236724604371663,0.18365384615384617,False,6.7643979057591626,78.0,17.333333333333332,54,191.0,3.673076923076923,0,7a6b4c077fbc64fa4972779c420cb13a13bb3fd292bfb0b74cd2040885558bb8,False,W9-S6-E1-raw|W9-S6-E1-count|W9-S6-E1-wilson|W9-S6-E1-beta|W9-S6-E3-raw|W9-S6-E3-count|W9-S6-E3-wilson|W9-S6-E3-beta|W9-S6-E6-raw|W9-S6-E6-count|W9-S6-E6-wilson|W9-S6-E6-beta,W9-S6-E1-raw
W9-S6-E3-beta,9,6,3,beta,52,0.39528795811518325,0.44236724604371663,0.18365384615384617,False,6.7643979057591626,78.0,17.333333333333332,54,191.0,3.673076923076923,0,7a6b4c077fbc64fa4972779c420cb13a13bb3fd292bfb0b74cd2040885558bb8,False,W9-S6-E1-raw|W9-S6-E1-count|W9-S6-E1-wilson|W9-S6-E1-beta|W9-S6-E3-raw|W9-S6-E3-count|W9-S6-E3-wilson|W9-S6-E3-beta|W9-S6-E6-raw|W9-S6-E6-count|W9-S6-E6-wilson|W9-S6-E6-beta,W9-S6-E1-raw
W9-S6-E6-raw,9,6,6,raw,52,0.39528795811518325,0.44236724604371663,0.18365384615384617,False,6.7643979057591626,78.0,17.333333333333332,54,191.0,3.673076923076923,0,7a6b4c077fbc64fa4972779c420cb13a13bb3fd292bfb0b74cd2040885558bb8,False,W9-S6-E1-raw|W9-S6-E1-count|W9-S6-E1-wilson|W9-S6-E1-beta|W9-S6-E3-raw|W9-S6-E3-count|W9-S6-E3-wilson|W9-S6-E3-beta|W9-S6-E6-raw|W9-S6-E6-count|W9-S6-E6-wilson|W9-S6-E6-beta,W9-S6-E1-raw
W9-S6-E6-count,9,6,6,count,52,0.39528795811518325,0.44236724604371663,0.18365384615384617,False,6.7643979057591626,78.0,17.333333333333332,54,191.0,3.673076923076923,0,7a6b4c077fbc64fa4972779c420cb13a13bb3fd292bfb0b74cd2040885558bb8,False,W9-S6-E1-raw|W9-S6-E1-count|W9-S6-E1-wilson|W9-S6-E1-beta|W9-S6-E3-raw|W9-S6-E3-count|W9-S6-E3-wilson|W9-S6-E3-beta|W9-S6-E6-raw|W9-S6-E6-count|W9-S6-E6-wilson|W9-S6-E6-beta,W9-S6-E1-raw
W9-S6-E6-wilson,9,6,6,wilson,52,0.39528795811518325,0.44236724604371663,0.18365384615384617,False,6.7643979057591626,78.0,17.333333333333332,54,191.0,3.673076923076923,0,7a6b4c077fbc64fa4972779c420cb13a13bb3fd292bfb0b74cd2040885558bb8,False,W9-S6-E1-raw|W9-S6-E1-count|W9-S6-E1-wilson|W9-S6-E1-beta|W9-S6-E3-raw|W9-S6-E3-count|W9-S6-E3-wilson|W9-S6-E3-beta|W9-S6-E6-raw|W9-S6-E6-count|W9-S6-E6-wilson|W9-S6-E6-beta,W9-S6-E1-raw
W9-S6-E6-beta,9,6,6,beta,52,0.39528795811518325,0.44236724604371663,0.18365384615384617,False,6.7643979057591626,78.0,17.333333333333332,54,191.0,3.673076923076923,0,7a6b4c077fbc64fa4972779c420cb13a13bb3fd292bfb0b74cd2040885558bb8,False,W9-S6-E1-raw|W9-S6-E1-count|W9-S6-E1-wilson|W9-S6-E1-beta|W9-S6-E3-raw|W9-S6-E3-count|W9-S6-E3-wilson|W9-S6-E3-beta|W9-S6-E6-raw|W9-S6-E6-count|W9-S6-E6-wilson|W9-S6-E6-beta,W9-S6-E1-raw
W12-S2-E1-raw,12,2,1,raw,52,0.295095610461028,0.29509561046102806,1.0,True,3.7201923076923076,379.4919131161236,84.33153624802746,54,1040.0,121.8076923076923,49,5badacaa3c82067d2e248f7d791011fc9c32b0ffdfe6777d4e901fbd1931e28f,True,W12-S2-E1-raw,W12-S2-E1-raw
W12-S2-E1-count,12,2,1,count,52,0.284862105574671,0.28486210557467107,1.0,True,7.544291378177732,219.96598538655866,48.88133008590192,54,1040.0,121.8076923076923,49,afb900b3f08ab44b08340aa5e856f9d88d43a8cbb53a13183402b59330013e7f,False,W12-S2-E1-count|W12-S2-E3-count|W12-S3-E1-count|W12-S3-E3-count,W12-S2-E1-count
W12-S2-E1-wilson,12,2,1,wilson,52,0.32636688037371236,0.32636688037371225,1.0,True,5.2375,285.22307828136775,63.38290628474839,54,1040.0,121.8076923076923,49,f5365e01749fbafc84b5060f7eb8cdcd33dcf8ad78f687c6817c3c0476a34171,True,W12-S2-E1-wilson,W12-S2-E1-wilson
W12-S2-E1-beta,12,2,1,beta,52,0.3303319735819735,0.3303319735819735,1.0,True,5.752884615384615,234.8230735930736,52.18290524290524,54,1040.0,121.8076923076923,49,efc6f8f5d0d67930de0cab2fc82aff929367b50fa9630a91d7fb2823ebb82d38,True,W12-S2-E1-beta,W12-S2-E1-beta
W12-S2-E3-raw,12,2,3,raw,52,0.3088118786530983,0.3088118786530983,1.0,True,4.808653846153846,324.6388728230833,72.14197173846296,54,1040.0,114.13461538461539,45,59c3dcd9603fbf35cecb3dc66af25f9bf32bda702c6eda53170585a38046cb5b,False,W12-S2-E3-raw,W12-S2-E3-raw
W12-S2-E3-count,12,2,3,count,52,0.284862105574671,0.28486210557467107,1.0,True,7.544291378177732,219.96598538655866,48.88133008590192,54,1040.0,114.13461538461539,45,afb900b3f08ab44b08340aa5e856f9d88d43a8cbb53a13183402b59330013e7f,False,W12-S2-E1-count|W12-S2-E3-count|W12-S3-E1-count|W12-S3-E3-count,W12-S2-E1-count
W12-S2-E3-wilson,12,2,3,wilson,52,0.3294020508000771,0.32940205080007706,1.0,True,5.8076923076923075,234.52022556390978,52.11560568086884,54,1040.0,114.13461538461539,45,2d482d4aad7d4f952b0f45dc9c5bae3ff99a74493dc7ff56ae23bf8bbe24f452,False,W12-S2-E3-wilson,W12-S2-E3-wilson
W12-S2-E3-beta,12,2,3,beta,52,0.3301923076923077,0.3301923076923077,1.0,True,5.931730769230769,227.81428571428572,50.62539682539683,54,1040.0,114.13461538461539,45,2e3ceb4c8b10ac3b7960af3c92a1e1fa3f8a05cacec219dbf10abd26288de08b,False,W12-S2-E3-beta,W12-S2-E3-beta
W12-S2-E6-raw,12,2,6,raw,52,0.28331463675213664,0.28331463675213675,1.0,True,7.367307692307692,263.65,58.58888888888888,54,1040.0,80.32692307692308,26,27a0e00a360f01d214ef44e1e6cc64aa34d3281357712ed10dacf18b50712e4d,False,W12-S2-E6-raw,W12-S2-E6-raw
W12-S2-E6-count,12,2,6,count,52,0.26791443581306124,0.26791443581306124,1.0,True,7.997016197989085,242.29876017955402,53.84416892878978,54,1040.0,80.32692307692308,26,3af2d1bb476cfcf27b37a40c0a3b7a24d809c538a299df780ad031b270dd59bb,False,W12-S2-E6-count,W12-S2-E6-count
W12-S2-E6-wilson,12,2,6,wilson,52,0.2828311965811966,0.2828311965811966,1.0,True,7.525,250.88333333333333,55.75185185185185,54,1040.0,80.32692307692308,26,74c7cdf17c7202fb7ec40e473f0ce81da0691b74692b41ee29d846d913a4c698,False,W12-S2-E6-wilson,W12-S2-E6-wilson
W12-S2-E6-beta,12,2,6,beta,52,0.28299145299145295,0.282991452991453,1.0,True,7.5182692307692305,250.88333333333333,55.75185185185185,54,1040.0,80.32692307692308,26,5a69f83f754f17ef6e5c2e1a4cf2c643741055037e3882b47c0e47679a6160dd,False,W12-S2-E6-beta,W12-S2-E6-beta
W12-S3-E1-raw,12,3,1,raw,52,0.3175437793200951,0.31754377932009514,1.0,True,5.3307692307692305,260.98905597326655,57.99756799405923,54,1040.0,52.19230769230769,24,c84e5de69c8a831197c774b315690bdd3bb1ceeecdddf92eb2b8929f3534d60b,False,W12-S3-E1-raw|W12-S3-E3-raw,W12-S3-E1-raw
W12-S3-E1-count,12,3,1,count,52,0.284862105574671,0.28486210557467107,1.0,True,7.544291378177732,219.96598538655866,48.88133008590192,54,1040.0,52.19230769230769,24,afb900b3f08ab44b08340aa5e856f9d88d43a8cbb53a13183402b59330013e7f,False,W12-S2-E1-count|W12-S2-E3-count|W12-S3-E1-count|W12-S3-E3-count,W12-S2-E1-count
W12-S3-E1-wilson,12,3,1,wilson,52,0.3286808969539233,0.3286808969539233,1.0,True,5.832692307692308,235.5202255639098,52.33782790309107,54,1040.0,52.19230769230769,24,ab62fa4a5ddaed68deb6b374a06fcbf36ace3c915488a0690a2002d49488e9d2,True,W12-S3-E1-wilson|W12-S3-E3-wilson,W12-S3-E1-wilson
W12-S3-E1-beta,12,3,1,beta,52,0.32965811965811964,0.3296581196581197,1.0,True,5.960576923076923,227.14761904761903,50.477248677248674,54,1040.0,52.19230769230769,24,b545fdea7158f67dc5dc7b1e5f2b7fd71035abdbbed4f99df99637464929d2a8,False,W12-S3-E1-beta|W12-S3-E3-beta,W12-S3-E1-beta
W12-S3-E3-raw,12,3,3,raw,52,0.3175437793200951,0.31754377932009514,1.0,True,5.3307692307692305,260.98905597326655,57.99756799405923,54,1040.0,52.19230769230769,24,c84e5de69c8a831197c774b315690bdd3bb1ceeecdddf92eb2b8929f3534d60b,False,W12-S3-E1-raw|W12-S3-E3-raw,W12-S3-E1-raw
W12-S3-E3-count,12,3,3,count,52,0.284862105574671,0.28486210557467107,1.0,True,7.544291378177732,219.96598538655866,48.88133008590192,54,1040.0,52.19230769230769,24,afb900b3f08ab44b08340aa5e856f9d88d43a8cbb53a13183402b59330013e7f,False,W12-S2-E1-count|W12-S2-E3-count|W12-S3-E1-count|W12-S3-E3-count,W12-S2-E1-count
W12-S3-E3-wilson,12,3,3,wilson,52,0.3286808969539233,0.3286808969539233,1.0,True,5.832692307692308,235.5202255639098,52.33782790309107,54,1040.0,52.19230769230769,24,ab62fa4a5ddaed68deb6b374a06fcbf36ace3c915488a0690a2002d49488e9d2,True,W12-S3-E1-wilson|W12-S3-E3-wilson,W12-S3-E1-wilson
W12-S3-E3-beta,12,3,3,beta,52,0.32965811965811964,0.3296581196581197,1.0,True,5.960576923076923,227.14761904761903,50.477248677248674,54,1040.0,52.19230769230769,24,b545fdea7158f67dc5dc7b1e5f2b7fd71035abdbbed4f99df99637464929d2a8,False,W12-S3-E1-beta|W12-S3-E3-beta,W12-S3-E1-beta
W12-S3-E6-raw,12,3,6,raw,52,0.2854644897079426,0.28441333309077116,0.9913461538461539,True,7.425800193986421,254.14999999999998,56.477777777777774,54,1031.0,39.51923076923077,17,971e585298233b74f32caf9720974105534c3a5ff74bbe7bcd8b764813ee49af,False,W12-S3-E6-raw,W12-S3-E6-raw
W12-S3-E6-count,12,3,6,count,52,0.26966244953230445,0.2687480413397298,0.9913461538461539,True,7.998885560208841,235.7168157351096,52.38151460780214,54,1031.0,39.51923076923077,17,9d08b371f25cec94b9ddbd7c5a0632d1442cd7bf3cdc51fb4abd22f0cdbbe92b,False,W12-S3-E6-count,W12-S3-E6-count
W12-S3-E6-wilson,12,3,6,wilson,52,0.2848151740489277,0.2837696365095746,0.9913461538461539,True,7.543161978661494,245.05,54.45555555555556,54,1031.0,39.51923076923077,17,8e2ea891a30792bfedf4b319a321cba420b22d8538464f1fd91ef923c49964e3,False,W12-S3-E6-wilson,W12-S3-E6-wilson
W12-S3-E6-beta,12,3,6,beta,52,0.28497682939971974,0.283929892919831,0.9913461538461539,True,7.536372453928225,245.05,54.45555555555556,54,1031.0,39.51923076923077,17,071af5160875197ebd7e5b1c1c2af50d4527fde5507d7230be78478b44b0700a,False,W12-S3-E6-beta,W12-S3-E6-beta
W12-S4-E1-raw,12,4,1,raw,52,0.32047184170471843,0.3183672963261853,0.9125,False,6.902002107481559,193.13333333333333,42.91851851851852,54,949.0,27.115384615384617,10,a410751a5873860db5a82b260e6452dcb84210b547fa7fd985dc51865d338bbe,False,W12-S4-E1-raw|W12-S4-E3-raw,W12-S4-E1-raw
W12-S4-E1-count,12,4,1,count,52,0.2989448340219642,0.29872390181567215,0.9125,False,7.687393437886378,190.625539719664,42.361231048814226,54,949.0,27.115384615384617,10,d2c5adcd56f5be34d805e1e494ccf6dba00495afafe83afd46213dac9a5f8ab1,False,W12-S4-E1-count|W12-S4-E3-count,W12-S4-E1-count
W12-S4-E1-wilson,12,4,1,wilson,52,0.32268177028451006,0.32038385615524523,0.9125,False,6.971548998946259,189.98333333333332,42.218518518518515,54,949.0,27.115384615384617,10,e53bea9189af8268e72cbb7968978e7176e9bd13fa514ab1b4cd39e52e5b3779,False,W12-S4-E1-wilson|W12-S4-E3-wilson,W12-S4-E1-wilson
W12-S4-E1-beta,12,4,1,beta,52,0.32268177028451006,0.32038385615524523,0.9125,False,6.9768177028451,189.58333333333334,42.129629629629626,54,949.0,27.115384615384617,10,2d4b0f4dfddf6621bd17f24ba3ecd7efc1fbb3722d10fae79df9f0b86d7dca28,False,W12-S4-E1-beta|W12-S4-E3-beta,W12-S4-E1-beta
W12-S4-E3-raw,12,4,3,raw,52,0.32047184170471843,0.3183672963261853,0.9125,False,6.902002107481559,193.13333333333333,42.91851851851852,54,949.0,27.115384615384617,10,a410751a5873860db5a82b260e6452dcb84210b547fa7fd985dc51865d338bbe,False,W12-S4-E1-raw|W12-S4-E3-raw,W12-S4-E1-raw
W12-S4-E3-count,12,4,3,count,52,0.2989448340219642,0.29872390181567215,0.9125,False,7.687393437886378,190.625539719664,42.361231048814226,54,949.0,27.115384615384617,10,d2c5adcd56f5be34d805e1e494ccf6dba00495afafe83afd46213dac9a5f8ab1,False,W12-S4-E1-count|W12-S4-E3-count,W12-S4-E1-count
W12-S4-E3-wilson,12,4,3,wilson,52,0.32268177028451006,0.32038385615524523,0.9125,False,6.971548998946259,189.98333333333332,42.218518518518515,54,949.0,27.115384615384617,10,e53bea9189af8268e72cbb7968978e7176e9bd13fa514ab1b4cd39e52e5b3779,False,W12-S4-E1-wilson|W12-S4-E3-wilson,W12-S4-E1-wilson
W12-S4-E3-beta,12,4,3,beta,52,0.32268177028451006,0.32038385615524523,0.9125,False,6.9768177028451,189.58333333333334,42.129629629629626,54,949.0,27.115384615384617,10,2d4b0f4dfddf6621bd17f24ba3ecd7efc1fbb3722d10fae79df9f0b86d7dca28,False,W12-S4-E1-beta|W12-S4-E3-beta,W12-S4-E1-beta
W12-S4-E6-raw,12,4,6,raw,52,0.2984061930783242,0.29736068631341317,0.8798076923076923,False,7.73551912568306,200.2,44.48888888888888,54,915.0,23.384615384615383,9,a74cc9ecb342307c1b180503f8947f96b0c39fda34aae0ebcc112aa25554a51d,False,W12-S4-E6-raw,W12-S4-E6-raw
W12-S4-E6-count,12,4,6,count,52,0.2907127743739766,0.2905919573571842,0.8798076923076923,False,8.039267920907264,193.0651098161098,42.903357736913286,54,915.0,23.384615384615383,9,cfc79caa1c124828969617895368eb28b20f42e3a1652d9edf61b6c4eec4f02d,False,W12-S4-E6-count,W12-S4-E6-count
W12-S4-E6-wilson,12,4,6,wilson,52,0.2987097753491196,0.2976277803305072,0.8798076923076923,False,7.769398907103825,199.7,44.37777777777777,54,915.0,23.384615384615383,9,285b5e494a7f8972d5d294516d313ac8bdd8191fc8d654105ca17dfc0e1c1b20,False,W12-S4-E6-wilson,W12-S4-E6-wilson
W12-S4-E6-beta,12,4,6,beta,52,0.29889192471159676,0.2977880367407636,0.8798076923076923,False,7.761748633879781,199.7,44.37777777777777,54,915.0,23.384615384615383,9,46dd326aa4f4318a2cdf3e8538dc0e690bfef9e50a4b90c7cc01eb5a7d6f089d,False,W12-S4-E6-beta,W12-S4-E6-beta
W12-S5-E1-raw,12,5,1,raw,52,0.35481705270224917,0.3728534100493942,0.6365384615384615,False,7.711480362537764,141.0,31.333333333333332,54,662.0,14.673076923076923,5,5dda4cc8df34d98a32960390ac2f25a53bd3e5eb2516290fa885d6e8f7430278,False,W12-S5-E1-raw|W12-S5-E3-raw,W12-S5-E1-raw
W12-S5-E1-count,12,5,1,count,52,0.34615193047972515,0.3673377264808261,0.6365384615384615,False,8.024774746904656,138.36202713952713,30.74711714211714,54,662.0,14.673076923076923,5,5ac4f82ae73554173ac92f6832f1ef4ff21bf06ff5f6c31f2bf74b61627e288f,False,W12-S5-E1-count|W12-S5-E3-count,W12-S5-E1-count
W12-S5-E1-wilson,12,5,1,wilson,52,0.3563276267203761,0.37381494851093267,0.6365384615384615,False,7.75226586102719,138.0,30.666666666666668,54,662.0,14.673076923076923,5,820e6e154d8835d9c2dd3c15cc5e27bd75e9f39df968b9616719629c15bd10ca,False,W12-S5-E1-wilson|W12-S5-E3-wilson,W12-S5-E1-wilson
W12-S5-E1-beta,12,5,1,beta,52,0.3563276267203761,0.37381494851093267,0.6365384615384615,False,7.7492447129909365,138.0,30.666666666666668,54,662.0,14.673076923076923,5,e190e755168a2326b939b9f3d430cadd4443cc11d91970ec47ee585e4a659b2b,False,W12-S5-E1-beta|W12-S5-E3-beta,W12-S5-E1-beta
W12-S5-E3-raw,12,5,3,raw,52,0.35481705270224917,0.3728534100493942,0.6365384615384615,False,7.711480362537764,141.0,31.333333333333332,54,662.0,14.673076923076923,5,5dda4cc8df34d98a32960390ac2f25a53bd3e5eb2516290fa885d6e8f7430278,False,W12-S5-E1-raw|W12-S5-E3-raw,W12-S5-E1-raw
W12-S5-E3-count,12,5,3,count,52,0.34615193047972515,0.3673377264808261,0.6365384615384615,False,8.024774746904656,138.36202713952713,30.74711714211714,54,662.0,14.673076923076923,5,5ac4f82ae73554173ac92f6832f1ef4ff21bf06ff5f6c31f2bf74b61627e288f,False,W12-S5-E1-count|W12-S5-E3-count,W12-S5-E1-count
W12-S5-E3-wilson,12,5,3,wilson,52,0.3563276267203761,0.37381494851093267,0.6365384615384615,False,7.75226586102719,138.0,30.666666666666668,54,662.0,14.673076923076923,5,820e6e154d8835d9c2dd3c15cc5e27bd75e9f39df968b9616719629c15bd10ca,False,W12-S5-E1-wilson|W12-S5-E3-wilson,W12-S5-E1-wilson
W12-S5-E3-beta,12,5,3,beta,52,0.3563276267203761,0.37381494851093267,0.6365384615384615,False,7.7492447129909365,138.0,30.666666666666668,54,662.0,14.673076923076923,5,e190e755168a2326b939b9f3d430cadd4443cc11d91970ec47ee585e4a659b2b,False,W12-S5-E1-beta|W12-S5-E3-beta,W12-S5-E1-beta
W12-S5-E6-raw,12,5,6,raw,52,0.3474388975559023,0.36921294184258574,0.6163461538461539,False,8.012480499219969,142.75,31.72222222222222,54,641.0,13.788461538461538,5,bf6b199c0126cc67f37238eb3a80b00e8fed20587706699e3b05c846f66bf07f,False,W12-S5-E6-raw,W12-S5-E6-raw
W12-S5-E6-count,12,5,6,count,52,0.34376484150275105,0.36694845152521094,0.6163461538461539,False,8.194629967016862,137.9316923076923,30.651487179487177,54,641.0,13.788461538461538,5,82e07c5c40d45544b3d3e60cef11b3b53679f69f2b24c30c01517a63c36e90bc,False,W12-S5-E6-count,W12-S5-E6-count
W12-S5-E6-wilson,12,5,6,wilson,52,0.34795891835673426,0.3695334546630986,0.6163461538461539,False,8.042121684867395,141.75,31.5,54,641.0,13.788461538461538,5,6e0b7cf37ed583222aa69acc066548df9cc02c5618e5decb3176172f8238e077,False,W12-S5-E6-wilson,W12-S5-E6-wilson
W12-S5-E6-beta,12,5,6,beta,52,0.34795891835673426,0.3695334546630986,0.6163461538461539,False,8.03588143525741,141.75,31.5,54,641.0,13.788461538461538,5,d7a0c9a60eb2b33459ed0a8399beb69906362240bf947d142c2f0175aab63f80,False,W12-S5-E6-beta,W12-S5-E6-beta
W12-S6-E1-raw,12,6,1,raw,52,0.39945226917057897,0.4731351358755205,0.4096153846153846,False,8.35680751173709,103.0,22.88888888888889,54,426.0,8.461538461538462,2,b3dcfbb5c6fe7c6144c7370b6659e998ed51ad62864d2d869d7a3f5bf4fd2c23,False,W12-S6-E1-raw|W12-S6-E1-beta|W12-S6-E3-raw|W12-S6-E3-beta|W12-S6-E6-raw|W12-S6-E6-beta,W12-S6-E1-raw
W12-S6-E1-count,12,6,1,count,52,0.3967106055134224,0.4720121082621083,0.4096153846153846,False,8.438142530396052,103.03166666666667,22.895925925925926,54,426.0,8.461538461538462,2,8a468ca578f10da364afec593196c53946c418c35513bc331430f79f624143f4,False,W12-S6-E1-count|W12-S6-E3-count|W12-S6-E6-count,W12-S6-E1-count
W12-S6-E1-wilson,12,6,1,wilson,52,0.4002347417840375,0.4734556486960333,0.4096153846153846,False,8.366197183098592,103.0,22.88888888888889,54,426.0,8.461538461538462,2,0ca4483e93e49bda7efef72526ab6c1b45a435ff5f91fd740f4eefc6292ae561,False,W12-S6-E1-wilson|W12-S6-E3-wilson|W12-S6-E6-wilson,W12-S6-E1-wilson
W12-S6-E1-beta,12,6,1,beta,52,0.39945226917057897,0.4731351358755205,0.4096153846153846,False,8.35680751173709,103.0,22.88888888888889,54,426.0,8.461538461538462,2,b3dcfbb5c6fe7c6144c7370b6659e998ed51ad62864d2d869d7a3f5bf4fd2c23,False,W12-S6-E1-raw|W12-S6-E1-beta|W12-S6-E3-raw|W12-S6-E3-beta|W12-S6-E6-raw|W12-S6-E6-beta,W12-S6-E1-raw
W12-S6-E3-raw,12,6,3,raw,52,0.39945226917057897,0.4731351358755205,0.4096153846153846,False,8.35680751173709,103.0,22.88888888888889,54,426.0,8.461538461538462,2,b3dcfbb5c6fe7c6144c7370b6659e998ed51ad62864d2d869d7a3f5bf4fd2c23,False,W12-S6-E1-raw|W12-S6-E1-beta|W12-S6-E3-raw|W12-S6-E3-beta|W12-S6-E6-raw|W12-S6-E6-beta,W12-S6-E1-raw
W12-S6-E3-count,12,6,3,count,52,0.3967106055134224,0.4720121082621083,0.4096153846153846,False,8.438142530396052,103.03166666666667,22.895925925925926,54,426.0,8.461538461538462,2,8a468ca578f10da364afec593196c53946c418c35513bc331430f79f624143f4,False,W12-S6-E1-count|W12-S6-E3-count|W12-S6-E6-count,W12-S6-E1-count
W12-S6-E3-wilson,12,6,3,wilson,52,0.4002347417840375,0.4734556486960333,0.4096153846153846,False,8.366197183098592,103.0,22.88888888888889,54,426.0,8.461538461538462,2,0ca4483e93e49bda7efef72526ab6c1b45a435ff5f91fd740f4eefc6292ae561,False,W12-S6-E1-wilson|W12-S6-E3-wilson|W12-S6-E6-wilson,W12-S6-E1-wilson
W12-S6-E3-beta,12,6,3,beta,52,0.39945226917057897,0.4731351358755205,0.4096153846153846,False,8.35680751173709,103.0,22.88888888888889,54,426.0,8.461538461538462,2,b3dcfbb5c6fe7c6144c7370b6659e998ed51ad62864d2d869d7a3f5bf4fd2c23,False,W12-S6-E1-raw|W12-S6-E1-beta|W12-S6-E3-raw|W12-S6-E3-beta|W12-S6-E6-raw|W12-S6-E6-beta,W12-S6-E1-raw
W12-S6-E6-raw,12,6,6,raw,52,0.39945226917057897,0.4731351358755205,0.4096153846153846,False,8.35680751173709,103.0,22.88888888888889,54,426.0,8.461538461538462,2,b3dcfbb5c6fe7c6144c7370b6659e998ed51ad62864d2d869d7a3f5bf4fd2c23,False,W12-S6-E1-raw|W12-S6-E1-beta|W12-S6-E3-raw|W12-S6-E3-beta|W12-S6-E6-raw|W12-S6-E6-beta,W12-S6-E1-raw
W12-S6-E6-count,12,6,6,count,52,0.3967106055134224,0.4720121082621083,0.4096153846153846,False,8.438142530396052,103.03166666666667,22.895925925925926,54,426.0,8.461538461538462,2,8a468ca578f10da364afec593196c53946c418c35513bc331430f79f624143f4,False,W12-S6-E1-count|W12-S6-E3-count|W12-S6-E6-count,W12-S6-E1-count
W12-S6-E6-wilson,12,6,6,wilson,52,0.4002347417840375,0.4734556486960333,0.4096153846153846,False,8.366197183098592,103.0,22.88888888888889,54,426.0,8.461538461538462,2,0ca4483e93e49bda7efef72526ab6c1b45a435ff5f91fd740f4eefc6292ae561,False,W12-S6-E1-wilson|W12-S6-E3-wilson|W12-S6-E6-wilson,W12-S6-E1-wilson
W12-S6-E6-beta,12,6,6,beta,52,0.39945226917057897,0.4731351358755205,0.4096153846153846,False,8.35680751173709,103.0,22.88888888888889,54,426.0,8.461538461538462,2,b3dcfbb5c6fe7c6144c7370b6659e998ed51ad62864d2d869d7a3f5bf4fd2c23,False,W12-S6-E1-raw|W12-S6-E1-beta|W12-S6-E3-raw|W12-S6-E3-beta|W12-S6-E6-raw|W12-S6-E6-beta,W12-S6-E1-raw
W18-S2-E1-raw,18,2,1,raw,52,0.31380211229252986,0.3138021122925299,1.0,True,4.543269230769231,369.95396825396824,82.21199294532627,54,1040.0,184.76923076923077,68,dad782bea07fde07c92819ae611e078355d271ac4bd2c1f572e0940d033101de,True,W18-S2-E1-raw,W18-S2-E1-raw
W18-S2-E1-count,18,2,1,count,52,0.328866261943185,0.328866261943185,1.0,True,11.53025480929327,157.8739229676534,35.08309399281187,54,1040.0,184.76923076923077,68,b35d8c8d7dfdbaa58aa1bdfa3ccd575bfe221432f4d3e76e4d9150a1b68ce813,False,W18-S2-E1-count|W18-S2-E3-count|W18-S3-E1-count|W18-S3-E3-count|W18-S4-E1-count|W18-S4-E3-count,W18-S2-E1-count
W18-S2-E1-wilson,18,2,1,wilson,52,0.36467584790940055,0.36467584790940055,1.0,True,7.497115384615385,234.6029925463008,52.1339983436224,54,1040.0,184.76923076923077,68,b16cdc6d5de09508afde7b367419a44d843346afbf93c72a35a3ae1f0ca10f7d,True,W18-S2-E1-wilson,W18-S2-E1-wilson
W18-S2-E1-beta,18,2,1,beta,52,0.3744047619047618,0.37440476190476196,1.0,True,8.117307692307692,187.06598639455783,41.570219198790625,54,1040.0,184.76923076923077,68,d51a709b7a71ac9c2d5ed350aec8a8ebb75b49b2871962df383f618b76a7224a,True,W18-S2-E1-beta,W18-S2-E1-beta
W18-S2-E3-raw,18,2,3,raw,52,0.34468282083413665,0.3446828208341365,1.0,True,6.124038461538461,290.3041353383459,64.51203007518797,54,1040.0,177.09615384615384,64,82847d76ec86f2163a0c864d032dc3a717524749e378e3e147ddf34fe91238f2,True,W18-S2-E3-raw,W18-S2-E3-raw
W18-S2-E3-count,18,2,3,count,52,0.328866261943185,0.328866261943185,1.0,True,11.53025480929327,157.8739229676534,35.08309399281187,54,1040.0,177.09615384615384,64,b35d8c8d7dfdbaa58aa1bdfa3ccd575bfe221432f4d3e76e4d9150a1b68ce813,False,W18-S2-E1-count|W18-S2-E3-count|W18-S3-E1-count|W18-S3-E3-count|W18-S4-E1-count|W18-S4-E3-count,W18-S2-E1-count
W18-S2-E3-wilson,18,2,3,wilson,52,0.3685683760683761,0.3685683760683761,1.0,True,7.9,204.8077380952381,45.512830687830686,54,1040.0,177.09615384615384,64,1f48c2e7944b1b3155f2d9141e6e96682cd4440675b4e067e568ecf1349c2674,True,W18-S2-E3-wilson|W18-S3-E1-wilson|W18-S3-E3-wilson,W18-S2-E3-wilson
W18-S2-E3-beta,18,2,3,beta,52,0.3735233516483516,0.3735233516483517,1.0,True,8.184615384615384,189.73265306122448,42.16281179138322,54,1040.0,177.09615384615384,64,7c1f01b4d8fed8e4aa0ce987855fa4c4af767909bcb699f65c581932642e9d45,True,W18-S2-E3-beta|W18-S3-E1-beta|W18-S3-E3-beta,W18-S2-E3-beta
W18-S2-E6-raw,18,2,6,raw,52,0.35338141025641023,0.35338141025641023,1.0,True,9.195192307692308,200.41666666666669,44.53703703703704,54,1040.0,143.28846153846155,51,0c44d587a04cfc009971e8ab413cbad73d372239e6207ca3c580d7612731ac64,False,W18-S2-E6-raw|W18-S3-E6-raw,W18-S2-E6-raw
W18-S2-E6-count,18,2,6,count,52,0.3255170065867181,0.3255170065867181,1.0,True,11.596796189921191,158.34799947040327,35.18844432675628,54,1040.0,143.28846153846155,51,de25ccd0fd6bb55a1cbfe09fc14095a4c31769685f37661a3a5dc53b08887755,False,W18-S2-E6-count|W18-S3-E6-count|W18-S4-E6-count,W18-S2-E6-count
W18-S2-E6-wilson,18,2,6,wilson,52,0.35161858974358984,0.3516185897435898,1.0,True,9.928846153846154,177.22333333333333,39.38296296296296,54,1040.0,143.28846153846155,51,874642d3f0b06feaabc4e817ffede06bfe86dae800db1b91e79e16dc27129181,False,W18-S2-E6-wilson|W18-S3-E6-wilson,W18-S2-E6-wilson
W18-S2-E6-beta,18,2,6,beta,52,0.3511939102564103,0.3511939102564102,1.0,True,9.78076923076923,182.26666666666665,40.5037037037037,54,1040.0,143.28846153846155,51,a67bae3f56ebf2ce0e41b759c0c78ef170d608ee67cff2834b157f971f7cb602,False,W18-S2-E6-beta|W18-S3-E6-beta,W18-S2-E6-beta
W18-S3-E1-raw,18,3,1,raw,52,0.3523541425679583,0.3523541425679584,1.0,True,6.614423076923077,249.49461152882205,55.4432470064049,54,1040.0,84.5576923076923,37,8ac65fd8fb4f9eb38e8962d6fec876926c4b3bbdb9d87cbd75d03afe60392ee9,True,W18-S3-E1-raw|W18-S3-E3-raw,W18-S3-E1-raw
W18-S3-E1-count,18,3,1,count,52,0.328866261943185,0.328866261943185,1.0,True,11.53025480929327,157.8739229676534,35.08309399281187,54,1040.0,84.5576923076923,37,b35d8c8d7dfdbaa58aa1bdfa3ccd575bfe221432f4d3e76e4d9150a1b68ce813,False,W18-S2-E1-count|W18-S2-E3-count|W18-S3-E1-count|W18-S3-E3-count|W18-S4-E1-count|W18-S4-E3-count,W18-S2-E1-count
W18-S3-E1-wilson,18,3,1,wilson,52,0.3685683760683761,0.3685683760683761,1.0,True,7.9,204.8077380952381,45.512830687830686,54,1040.0,84.5576923076923,37,1f48c2e7944b1b3155f2d9141e6e96682cd4440675b4e067e568ecf1349c2674,True,W18-S2-E3-wilson|W18-S3-E1-wilson|W18-S3-E3-wilson,W18-S2-E3-wilson
W18-S3-E1-beta,18,3,1,beta,52,0.3735233516483516,0.3735233516483517,1.0,True,8.184615384615384,189.73265306122448,42.16281179138322,54,1040.0,84.5576923076923,37,7c1f01b4d8fed8e4aa0ce987855fa4c4af767909bcb699f65c581932642e9d45,True,W18-S2-E3-beta|W18-S3-E1-beta|W18-S3-E3-beta,W18-S2-E3-beta
W18-S3-E3-raw,18,3,3,raw,52,0.3523541425679583,0.3523541425679584,1.0,True,6.614423076923077,249.49461152882205,55.4432470064049,54,1040.0,84.5576923076923,37,8ac65fd8fb4f9eb38e8962d6fec876926c4b3bbdb9d87cbd75d03afe60392ee9,True,W18-S3-E1-raw|W18-S3-E3-raw,W18-S3-E1-raw
W18-S3-E3-count,18,3,3,count,52,0.328866261943185,0.328866261943185,1.0,True,11.53025480929327,157.8739229676534,35.08309399281187,54,1040.0,84.5576923076923,37,b35d8c8d7dfdbaa58aa1bdfa3ccd575bfe221432f4d3e76e4d9150a1b68ce813,False,W18-S2-E1-count|W18-S2-E3-count|W18-S3-E1-count|W18-S3-E3-count|W18-S4-E1-count|W18-S4-E3-count,W18-S2-E1-count
W18-S3-E3-wilson,18,3,3,wilson,52,0.3685683760683761,0.3685683760683761,1.0,True,7.9,204.8077380952381,45.512830687830686,54,1040.0,84.5576923076923,37,1f48c2e7944b1b3155f2d9141e6e96682cd4440675b4e067e568ecf1349c2674,True,W18-S2-E3-wilson|W18-S3-E1-wilson|W18-S3-E3-wilson,W18-S2-E3-wilson
W18-S3-E3-beta,18,3,3,beta,52,0.3735233516483516,0.3735233516483517,1.0,True,8.184615384615384,189.73265306122448,42.16281179138322,54,1040.0,84.5576923076923,37,7c1f01b4d8fed8e4aa0ce987855fa4c4af767909bcb699f65c581932642e9d45,True,W18-S2-E3-beta|W18-S3-E1-beta|W18-S3-E3-beta,W18-S2-E3-beta
W18-S3-E6-raw,18,3,6,raw,52,0.35338141025641023,0.35338141025641023,1.0,True,9.195192307692308,200.41666666666669,44.53703703703704,54,1040.0,71.88461538461539,30,0c44d587a04cfc009971e8ab413cbad73d372239e6207ca3c580d7612731ac64,False,W18-S2-E6-raw|W18-S3-E6-raw,W18-S2-E6-raw
W18-S3-E6-count,18,3,6,count,52,0.3255170065867181,0.3255170065867181,1.0,True,11.596796189921191,158.34799947040327,35.18844432675628,54,1040.0,71.88461538461539,30,de25ccd0fd6bb55a1cbfe09fc14095a4c31769685f37661a3a5dc53b08887755,False,W18-S2-E6-count|W18-S3-E6-count|W18-S4-E6-count,W18-S2-E6-count
W18-S3-E6-wilson,18,3,6,wilson,52,0.35161858974358984,0.3516185897435898,1.0,True,9.928846153846154,177.22333333333333,39.38296296296296,54,1040.0,71.88461538461539,30,874642d3f0b06feaabc4e817ffede06bfe86dae800db1b91e79e16dc27129181,False,W18-S2-E6-wilson|W18-S3-E6-wilson,W18-S2-E6-wilson
W18-S3-E6-beta,18,3,6,beta,52,0.3511939102564103,0.3511939102564102,1.0,True,9.78076923076923,182.26666666666665,40.5037037037037,54,1040.0,71.88461538461539,30,a67bae3f56ebf2ce0e41b759c0c78ef170d608ee67cff2834b157f971f7cb602,False,W18-S2-E6-beta|W18-S3-E6-beta,W18-S2-E6-beta
W18-S4-E1-raw,18,4,1,raw,52,0.35742521367521357,0.3574252136752136,1.0,True,8.549038461538462,184.69333333333333,41.04296296296296,54,1040.0,48.36538461538461,22,81b399449f9268c7047505ed96c2b7a8f41e992a83cece2b9c462ceb485cfbf4,False,W18-S4-E1-raw|W18-S4-E3-raw,W18-S4-E1-raw
W18-S4-E1-count,18,4,1,count,52,0.328866261943185,0.328866261943185,1.0,True,11.53025480929327,157.8739229676534,35.08309399281187,54,1040.0,48.36538461538461,22,b35d8c8d7dfdbaa58aa1bdfa3ccd575bfe221432f4d3e76e4d9150a1b68ce813,False,W18-S2-E1-count|W18-S2-E3-count|W18-S3-E1-count|W18-S3-E3-count|W18-S4-E1-count|W18-S4-E3-count,W18-S2-E1-count
W18-S4-E1-wilson,18,4,1,wilson,52,0.3631089743589743,0.3631089743589744,1.0,True,9.099038461538461,173.86555555555555,38.636790123456784,54,1040.0,48.36538461538461,22,0484f28024f866cd3bd558efd7f9c1b5140a4aacca3c81170e45b0c91036a0fc,False,W18-S4-E1-wilson|W18-S4-E3-wilson,W18-S4-E1-wilson
W18-S4-E1-beta,18,4,1,beta,52,0.36618322649572643,0.3661832264957265,1.0,True,9.123076923076923,167.2522222222222,37.167160493827154,54,1040.0,48.36538461538461,22,c84a707224458d7d45f388d9b0be514fe0115fda76d2b27209c157967e2fe802,False,W18-S4-E1-beta|W18-S4-E3-beta,W18-S4-E1-beta
W18-S4-E3-raw,18,4,3,raw,52,0.35742521367521357,0.3574252136752136,1.0,True,8.549038461538462,184.69333333333333,41.04296296296296,54,1040.0,48.36538461538461,22,81b399449f9268c7047505ed96c2b7a8f41e992a83cece2b9c462ceb485cfbf4,False,W18-S4-E1-raw|W18-S4-E3-raw,W18-S4-E1-raw
W18-S4-E3-count,18,4,3,count,52,0.328866261943185,0.328866261943185,1.0,True,11.53025480929327,157.8739229676534,35.08309399281187,54,1040.0,48.36538461538461,22,b35d8c8d7dfdbaa58aa1bdfa3ccd575bfe221432f4d3e76e4d9150a1b68ce813,False,W18-S2-E1-count|W18-S2-E3-count|W18-S3-E1-count|W18-S3-E3-count|W18-S4-E1-count|W18-S4-E3-count,W18-S2-E1-count
W18-S4-E3-wilson,18,4,3,wilson,52,0.3631089743589743,0.3631089743589744,1.0,True,9.099038461538461,173.86555555555555,38.636790123456784,54,1040.0,48.36538461538461,22,0484f28024f866cd3bd558efd7f9c1b5140a4aacca3c81170e45b0c91036a0fc,False,W18-S4-E1-wilson|W18-S4-E3-wilson,W18-S4-E1-wilson
W18-S4-E3-beta,18,4,3,beta,52,0.36618322649572643,0.3661832264957265,1.0,True,9.123076923076923,167.2522222222222,37.167160493827154,54,1040.0,48.36538461538461,22,c84a707224458d7d45f388d9b0be514fe0115fda76d2b27209c157967e2fe802,False,W18-S4-E1-beta|W18-S4-E3-beta,W18-S4-E1-beta
W18-S4-E6-raw,18,4,6,raw,52,0.34757478632478633,0.3475747863247862,1.0,True,9.569230769230769,179.5,39.888888888888886,54,1040.0,44.63461538461539,21,fb3586abbeddf06dbabcab5d637dc1ed1273e708048fce01c7a744846e7f9620,False,W18-S4-E6-raw,W18-S4-E6-raw
W18-S4-E6-count,18,4,6,count,52,0.3255170065867181,0.3255170065867181,1.0,True,11.596796189921191,158.34799947040327,35.18844432675628,54,1040.0,44.63461538461539,21,de25ccd0fd6bb55a1cbfe09fc14095a4c31769685f37661a3a5dc53b08887755,False,W18-S2-E6-count|W18-S3-E6-count|W18-S4-E6-count,W18-S2-E6-count
W18-S4-E6-wilson,18,4,6,wilson,52,0.34966880341880346,0.3496688034188034,1.0,True,10.002884615384616,173.14,38.47555555555555,54,1040.0,44.63461538461539,21,3f2036517c6754d4f84d42fbaa810b323898ddf68fb7b63e26e247b14b975d18,False,W18-S4-E6-wilson,W18-S4-E6-wilson
W18-S4-E6-beta,18,4,6,beta,52,0.34923076923076923,0.34923076923076923,1.0,True,9.901923076923078,174.26666666666665,38.72592592592592,54,1040.0,44.63461538461539,21,aebdd4177c0d3004b51f937f2a97873886f4ad4473b80215c1835046d6ccd261,False,W18-S4-E6-beta,W18-S4-E6-beta
W18-S5-E1-raw,18,5,1,raw,52,0.3597488507680232,0.35286176147333553,0.9528846153846153,True,10.148335015136226,145.71875,32.38194444444444,54,991.0,29.0,13,5e3a7e77742a7376052b281f64352d19e241a728f9d359fb52301a98fd7f9fa6,False,W18-S5-E1-raw|W18-S5-E3-raw,W18-S5-E1-raw
W18-S5-E1-count,18,5,1,count,52,0.33908951094874407,0.3331757943955417,0.9528846153846153,True,11.596468827170138,146.0842275411663,32.46316167581473,54,991.0,29.0,13,e1b538fb313a4ee3cd5262985540b00a0ddfb2381bc9fc19f615406b7d185f48,False,W18-S5-E1-count|W18-S5-E3-count,W18-S5-E1-count
W18-S5-E1-wilson,18,5,1,wilson,52,0.3600852113465635,0.35318227429384846,0.9528846153846153,True,10.331987891019173,144.42499999999998,32.09444444444444,54,991.0,29.0,13,312e4fce17a33ae155f231e95a786df309d46a936dcc09653efabbf52b7d5ceb,False,W18-S5-E1-wilson|W18-S5-E3-wilson,W18-S5-E1-wilson
W18-S5-E1-beta,18,5,1,beta,52,0.3612120192846732,0.35425599224256643,0.9528846153846153,True,10.299697275479314,144.09166666666664,32.020370370370365,54,991.0,29.0,13,b24d466e3782a93d61b09dfdc2809e1456130534353daf7f6db7fcb1b1e592b0,False,W18-S5-E1-beta|W18-S5-E3-beta,W18-S5-E1-beta
W18-S5-E3-raw,18,5,3,raw,52,0.3597488507680232,0.35286176147333553,0.9528846153846153,True,10.148335015136226,145.71875,32.38194444444444,54,991.0,29.0,13,5e3a7e77742a7376052b281f64352d19e241a728f9d359fb52301a98fd7f9fa6,False,W18-S5-E1-raw|W18-S5-E3-raw,W18-S5-E1-raw
W18-S5-E3-count,18,5,3,count,52,0.33908951094874407,0.3331757943955417,0.9528846153846153,True,11.596468827170138,146.0842275411663,32.46316167581473,54,991.0,29.0,13,e1b538fb313a4ee3cd5262985540b00a0ddfb2381bc9fc19f615406b7d185f48,False,W18-S5-E1-count|W18-S5-E3-count,W18-S5-E1-count
W18-S5-E3-wilson,18,5,3,wilson,52,0.3600852113465635,0.35318227429384846,0.9528846153846153,True,10.331987891019173,144.42499999999998,32.09444444444444,54,991.0,29.0,13,312e4fce17a33ae155f231e95a786df309d46a936dcc09653efabbf52b7d5ceb,False,W18-S5-E1-wilson|W18-S5-E3-wilson,W18-S5-E1-wilson
W18-S5-E3-beta,18,5,3,beta,52,0.3612120192846732,0.35425599224256643,0.9528846153846153,True,10.299697275479314,144.09166666666664,32.020370370370365,54,991.0,29.0,13,b24d466e3782a93d61b09dfdc2809e1456130534353daf7f6db7fcb1b1e592b0,False,W18-S5-E1-beta|W18-S5-E3-beta,W18-S5-E1-beta
W18-S5-E6-raw,18,5,6,raw,52,0.3534278959810874,0.34635206560218457,0.9490384615384615,False,10.439716312056738,150.88541666666666,33.530092592592595,54,987.0,28.115384615384617,13,3016f77f504b01d2013b9eb7f61fc6e0a0e039dde4c71eeb21bca4d245a3a41c,False,W18-S5-E6-raw,W18-S5-E6-raw
W18-S5-E6-count,18,5,6,count,52,0.3379694449983203,0.33168140106373173,0.9490384615384615,False,11.644415167743436,146.09566284509143,32.465702854464766,54,987.0,28.115384615384617,13,ec7f35192c079b5bc437050cf615bade3847409cc3396fd4eee156492aa2d168,False,W18-S5-E6-count,W18-S5-E6-count
W18-S5-E6-wilson,18,5,6,wilson,52,0.3530620285939434,0.34600484337996246,0.9490384615384615,False,10.598784194528875,151.09166666666667,33.57592592592592,54,987.0,28.115384615384617,13,79ec1369f397960041c5cd1fad60893c850829e6e927dae8a05a8945fcc9ebb0,False,W18-S5-E6-wilson,W18-S5-E6-wilson
W18-S5-E6-beta,18,5,6,beta,52,0.35416525948440836,0.34705185192697097,0.9490384615384615,False,10.567375886524824,150.09166666666667,33.3537037037037,54,987.0,28.115384615384617,13,13e804891f5f6421a64aaa576f5a50f425b63c38b78a1fc02d6354965d19c270,False,W18-S5-E6-beta,W18-S5-E6-beta
W18-S6-E1-raw,18,6,1,raw,52,0.36430855315747407,0.35740442778204745,0.801923076923077,False,11.20263788968825,124.0,27.555555555555557,54,834.0,18.692307692307693,9,2125d1d2193b7273556044770ab67d836493c3697dda070adead10f6e04f7b1b,False,W18-S6-E1-raw|W18-S6-E3-raw|W18-S6-E6-raw,W18-S6-E1-raw
W18-S6-E1-count,18,6,1,count,52,0.3577414042791741,0.3521380795469492,0.801923076923077,False,11.807720706551644,118.71311688311688,26.38069264069264,54,834.0,18.692307692307693,9,4dcb70212f990df8db0851b630589d175bbcd4d70f5c7f49b29e477788a0269c,False,W18-S6-E1-count|W18-S6-E3-count|W18-S6-E6-count,W18-S6-E1-count
W18-S6-E1-wilson,18,6,1,wilson,52,0.36533439914734883,0.35822707735469705,0.801923076923077,False,11.233812949640289,124.0,27.555555555555557,54,834.0,18.692307692307693,9,3e7b01f59e3222abfae81054e0d2d81d7fdd7de65e8d117616625d5bf58c1bf2,False,W18-S6-E1-wilson|W18-S6-E3-wilson|W18-S6-E6-wilson,W18-S6-E1-wilson
W18-S6-E1-beta,18,6,1,beta,52,0.3653410604849454,0.3582324192350389,0.801923076923077,False,11.223021582733812,124.0,27.555555555555557,54,834.0,18.692307692307693,9,295cdaa926542f4e0d39ad38a498c2d9537564865c39237a5119b6e2d003757f,False,W18-S6-E1-beta|W18-S6-E3-beta|W18-S6-E6-beta,W18-S6-E1-beta
W18-S6-E3-raw,18,6,3,raw,52,0.36430855315747407,0.35740442778204745,0.801923076923077,False,11.20263788968825,124.0,27.555555555555557,54,834.0,18.692307692307693,9,2125d1d2193b7273556044770ab67d836493c3697dda070adead10f6e04f7b1b,False,W18-S6-E1-raw|W18-S6-E3-raw|W18-S6-E6-raw,W18-S6-E1-raw
W18-S6-E3-count,18,6,3,count,52,0.3577414042791741,0.3521380795469492,0.801923076923077,False,11.807720706551644,118.71311688311688,26.38069264069264,54,834.0,18.692307692307693,9,4dcb70212f990df8db0851b630589d175bbcd4d70f5c7f49b29e477788a0269c,False,W18-S6-E1-count|W18-S6-E3-count|W18-S6-E6-count,W18-S6-E1-count
W18-S6-E3-wilson,18,6,3,wilson,52,0.36533439914734883,0.35822707735469705,0.801923076923077,False,11.233812949640289,124.0,27.555555555555557,54,834.0,18.692307692307693,9,3e7b01f59e3222abfae81054e0d2d81d7fdd7de65e8d117616625d5bf58c1bf2,False,W18-S6-E1-wilson|W18-S6-E3-wilson|W18-S6-E6-wilson,W18-S6-E1-wilson
W18-S6-E3-beta,18,6,3,beta,52,0.3653410604849454,0.3582324192350389,0.801923076923077,False,11.223021582733812,124.0,27.555555555555557,54,834.0,18.692307692307693,9,295cdaa926542f4e0d39ad38a498c2d9537564865c39237a5119b6e2d003757f,False,W18-S6-E1-beta|W18-S6-E3-beta|W18-S6-E6-beta,W18-S6-E1-beta
W18-S6-E6-raw,18,6,6,raw,52,0.36430855315747407,0.35740442778204745,0.801923076923077,False,11.20263788968825,124.0,27.555555555555557,54,834.0,18.692307692307693,9,2125d1d2193b7273556044770ab67d836493c3697dda070adead10f6e04f7b1b,False,W18-S6-E1-raw|W18-S6-E3-raw|W18-S6-E6-raw,W18-S6-E1-raw
W18-S6-E6-count,18,6,6,count,52,0.3577414042791741,0.3521380795469492,0.801923076923077,False,11.807720706551644,118.71311688311688,26.38069264069264,54,834.0,18.692307692307693,9,4dcb70212f990df8db0851b630589d175bbcd4d70f5c7f49b29e477788a0269c,False,W18-S6-E1-count|W18-S6-E3-count|W18-S6-E6-count,W18-S6-E1-count
W18-S6-E6-wilson,18,6,6,wilson,52,0.36533439914734883,0.35822707735469705,0.801923076923077,False,11.233812949640289,124.0,27.555555555555557,54,834.0,18.692307692307693,9,3e7b01f59e3222abfae81054e0d2d81d7fdd7de65e8d117616625d5bf58c1bf2,False,W18-S6-E1-wilson|W18-S6-E3-wilson|W18-S6-E6-wilson,W18-S6-E1-wilson
W18-S6-E6-beta,18,6,6,beta,52,0.3653410604849454,0.3582324192350389,0.801923076923077,False,11.223021582733812,124.0,27.555555555555557,54,834.0,18.692307692307693,9,295cdaa926542f4e0d39ad38a498c2d9537564865c39237a5119b6e2d003757f,False,W18-S6-E1-beta|W18-S6-E3-beta|W18-S6-E6-beta,W18-S6-E1-beta
